facility_id,code,name,type,district,lat,lon,total_coverage,unique_coverage,redundancy_pct
1,BT240003,A.C Opticals,Clinic,Blantyre,-15.8,35.03,392929.5280881822,0.0,100.0
1088,ZA231513,Mental,Hospital,Zomba,-15.39874,35.30477,99456.81020283699,0.0,100.0
1074,BT241484,Wehmat,Clinic,Blantyre,-15.8,35.01,408032.7338760793,0.0,100.0
1076,MZ161487,Wezi,Clinic,Mzimba,-11.4659514,34.0133805,188746.88264110312,0.0,100.0
1077,BT241488,White Dove,Clinic,Blantyre,-15.767186,34.999598,355990.3134933114,0.0,100.0
1080,RU141491,Wongani,Clinic,Rumphi,-11.02379,33.85419,27002.86262011528,0.0,100.0
1082,KU071496,"Yankho,Tunza",Clinic,Kasungu,-13.04044,33.48111,76718.45003509521,0.0,100.0
1085,MZ161507,Zolozolo,Health Centre,Mzimba,-11.4352564,34.0241716,189555.5945420526,0.0,100.0
1086,ZA231509,General,Central Hospital,Zomba,-15.3994,35.31378,112486.17361187935,0.0,100.0
1087,ZA231510,Zomba Prison Hospital,Dispensary,Zomba,-15.39611,35.31248,111598.02636361122,0.0,100.0
1091,NT081516,Chasolo,Health Centre,Ntchisi,-13.2512161,34.3015278,25908.092305660248,0.0,100.0
1065,BT241463,Ungweru,Clinic,Blantyre,-15.75,35.0,313283.07000133395,0.0,100.0
1092,NT081517,Chinkhande,Health Centre,Ntchisi,-13.2512161,34.3015278,25908.092305660248,0.0,100.0
1094,BT241520,Ntonda Health Centre,Health Centre,Blantyre,-13.2512161,34.3015278,25908.092305660248,0.0,100.0
1095,BT241521,Kachere,Health Centre,Blantyre,-13.2512161,34.3015278,25908.092305660248,0.0,100.0
1096,BT241522,Khungulu,Health Centre,Blantyre,-13.2512161,34.3015278,25908.092305660248,0.0,100.0
1097,NS301523,New Makhanga,Health Centre,Nsanje,-13.2512161,34.3015278,25908.092305660248,0.0,100.0
1098,BK171524,Balaka OPD Health Centre,Health Centre,Balaka,-14.990816,34.960833,62120.592512369156,0.0,100.0
1099,BT241525,Bangwe Madina Health Centre,Health Centre,Blantyre,-15.824296339104924,35.0877571105957,229302.59404158592,0.0,100.0
1101,TH311527,Bvumbwe Research Health Centre,Health Centre,Thyolo,-15.8905,35.06825,67040.73120379448,0.0,100.0
1071,BT241474,Viyuyi Mathews M. Yankho Priv,Clinic,Blantyre,-15.74251,35.0776,178935.86757576466,0.0,100.0
1064,MZ161462,Ungweru,Clinic,Mzimba,-11.8951925,33.5919896,40572.9105887413,0.0,100.0
1167,KU071610,Mphomwa,Clinic,Kasungu,-13.29403,33.53859,27216.50070333481,0.0,100.0
1031,TH311410,Thekerani Rural Hospital,Hospital,Thyolo,-16.32104,35.20741,44000.40755677223,0.0,100.0
1012,ZA231378,State house,Clinic,Zomba,-15.38153,35.31027,105517.98877334595,0.0,100.0
1015,BT241389,Sunganis Medical Centre,Clinic,Blantyre,-15.72832,35.01953,227492.89784187078,0.0,100.0
1016,BT241391,Sunny Side B,Clinic,Blantyre,-15.80025,34.9964,324551.33381709456,0.0,100.0
1018,BT241393,Tadala Private Clinic,Clinic,Blantyre,-15.83304,35.0852,230287.41550445557,0.0,100.0
1025,BT241403,Thandizo Clinic,Clinic,Blantyre,-15.74337,35.01677,354384.0813548267,0.0,100.0
1028,LL041406,The Clinic,Dispensary,Lilongwe,-13.98495,33.76415,386563.5372938998,0.0,100.0
1029,LL041407,Dr. Humera A,Dispensary,Lilongwe,-13.98495,33.76415,386563.5372938998,0.0,100.0
1030,BT241409,Thejopal Rotta. S,Clinic,Blantyre,-15.78392,35.00238,424591.90201696754,0.0,100.0
1032,MU211411,Thembe Health Centre,Dispensary,Mulanje,-16.06936,35.63033,39155.98274707794,0.0,100.0
1062,MC191458,Umoyo,Clinic,Machinga,-14.99987,35.49031,32846.23391580582,0.0,100.0
1038,MU211419,Thornwood,Clinic,Mulanje,-16.06936,35.63033,39155.98274707794,0.0,100.0
1044,BT241432,Tilinanu ,Clinic,Blantyre,-15.77382,35.03262,365160.73501726985,0.0,100.0
1049,BT241441,Tirzah,Clinic,Blantyre,-15.81,35.06,373424.41920399666,0.0,100.0
1050,BT241442,Trumate,Clinic,Blantyre,-15.791433,35.084593,236490.44372683764,0.0,100.0
1051,BT241443,Truzag Clinic,Clinic,Blantyre,-15.81196,35.05753,377626.49387285113,0.0,100.0
1054,KB051446,Tukombo,Dispensary,Nkhata Bay,-11.6080859,34.3012409,24275.82319021225,0.0,100.0
1059,BT241452,Ulemu,Clinic,Blantyre,-15.77529,35.00207,404370.4805276096,0.0,100.0
1060,KA151453,Uliwa,Health Post,Karonga,-10.454047,34.207592,28379.25413417816,0.0,100.0
1104,BT241530,Blantyre,Clinic,Blantyre,-15.862694,34.970778,75269.3667229414,0.0,100.0
1105,BT241531,MACRO Chirimba,Clinic,Blantyre,-15.74368425173074,35.0139856338501,345579.08704820275,0.0,100.0
1107,NK101534,Dwangwa Matiki Clinic,Clinic,Nkhotakota,-12.499,34.154,24490.663857460022,0.0,100.0
1156,DA021599,Tchawale,Health Post,Dowa,-13.27878,33.68392,17338.179852485657,0.0,100.0
1148,DE031591,Tchetsa,Dispensary,Dedza,-14.15069,34.31881,16638.97129011154,0.0,100.0
1149,DA021592,Chikhobwe,Health Post,Dowa,-13.27878,33.68392,17338.179852485657,0.0,100.0
1150,DA021593,Chimwanjati,Health Post,Dowa,-13.27878,33.68392,17338.179852485657,0.0,100.0
1151,DA021594,Chingondo,Health Post,Dowa,-13.27878,33.68392,17338.179852485657,0.0,100.0
1152,DA021595,Dzalo,Health Post,Dowa,-13.27878,33.68392,17338.179852485657,0.0,100.0
1153,DA021596,Jonasi,Health Post,Dowa,-13.27878,33.68392,17338.179852485657,0.0,100.0
1154,DA021597,Manondo,Health Post,Dowa,-13.27878,33.68392,17338.179852485657,0.0,100.0
1155,DA021598,Mtayafuko,Health Post,Dowa,-13.27878,33.68392,17338.179852485657,0.0,100.0
1157,KU071600,Chanthunthu,Health Post,Kasungu,-13.29403,33.53859,27216.50070333481,0.0,100.0
1108,MZ161535,Enukweni Mission Health Centre,Unclassified,Mzimba,-11.18005,33.88592,20695.09709405899,0.0,100.0
1158,KU071601,Chima,Health Post,Kasungu,-13.29403,33.53859,27216.50070333481,0.0,100.0
1159,KU071602,Kadifula,Health Post,Kasungu,-13.29403,33.53859,27216.50070333481,0.0,100.0
1160,KU071603,Kamphotola,Health Post,Kasungu,-13.29403,33.53859,27216.50070333481,0.0,100.0
1161,KU071604,Kaphaizi,Health Centre,Kasungu,-13.29403,33.53859,27216.50070333481,0.0,100.0
1162,KU071605,Liziri,Health Post,Kasungu,-13.29403,33.53859,27216.50070333481,0.0,100.0
1163,KU071606,Mankhaka,Clinic,Kasungu,-13.29403,33.53859,27216.50070333481,0.0,100.0
1164,KU071607,Mbongozi,Health Post,Kasungu,-13.29403,33.53859,27216.50070333481,0.0,100.0
1165,KU071608,Miyowe,Health Post,Kasungu,-13.29403,33.53859,27216.50070333481,0.0,100.0
1147,DA021590,Nadzikhale,Health Centre,Dowa,-14.15069,34.31881,16638.97129011154,0.0,100.0
1146,DE031589,Chinkombero,Health Centre,Dedza,-14.15069,34.31881,16638.97129011154,0.0,100.0
1145,DE031588,Chiluzi,Health Post,Dedza,-14.15069,34.31881,16638.97129011154,0.0,100.0
1144,DE031587,Chejero,Health Post,Dedza,-14.15069,34.31881,16638.97129011154,0.0,100.0
1110,MG201537,Kapire Health Centre,Health Centre,Mangochi,-14.7858441,34.9994002,17977.373559713364,0.0,100.0
1112,DE031539,Police College Mua,Health Centre,Dedza,-14.22589,34.51142,26532.627663612366,0.0,100.0
1114,SA091541,Senga Bay Baptist Health Centre,Health Centre,Salima,-13.74117,34.59536,25961.710986852646,0.0,100.0
1117,LL041548,Umoyo Private Clinic,Clinic,Lilongwe,-14.99987,35.49031,32846.23391580582,0.0,100.0
1119,LL041551,MASM Area 12,Private,Lilongwe,-13.95170260755524,33.78546407006904,314905.8978471006,0.0,100.0
1120,BT241552,Chisomo,Clinic,Blantyre,-15.652717,35.019541,45818.5439633131,0.0,100.0
1121,BT241553,MDF Secondary School Clinic,Clinic,Blantyre,-15.701300515348676,35.008320808410645,93555.2111082077,0.0,100.0
1122,BT241554,Makata Dispensary Ndirande,Dispensary,Blantyre,-15.63006,35.07975,31427.813563346863,0.0,100.0
1124,MZ161563,Manolo Health Centre,Health Centre,Mzimba,-11.898040790369995,33.58455561169471,41682.08162021637,0.0,100.0
1125,LL041564,McGuire Wellness Center (Child Legacy),Clinic,Lilongwe,-14.067927759309072,33.471991297500175,30353.990558624268,0.0,100.0
1136,CP061579,Damsca,Health Post,Chitipa,-9.773001,33.522856,3171.6177356243134,0.0,100.0
1137,CP061580,Kasaghala,Health Post,Chitipa,-9.773001,33.522856,3171.6177356243134,0.0,100.0
1138,CP061581,Moto,Health Post,Chitipa,-9.773001,33.522856,3171.6177356243134,0.0,100.0
1139,CP061582,Mtogha,Health Post,Chitipa,-9.773001,33.522856,3171.6177356243134,0.0,100.0
1141,CP061584,St. Cynthia,Health Centre,Chitipa,-9.773001,33.522856,3171.6177356243134,0.0,100.0
1142,CP061585,Zambwe,Health Post,Chitipa,-9.773001,33.522856,3171.6177356243134,0.0,100.0
1143,DE031586,Bema,Dispensary,Dedza,-14.15069,34.31881,16638.97129011154,0.0,100.0
1007,LL041370,St. Louis,Dispensary,Lilongwe,-13.93157,33.76995,341608.16693647206,0.0,100.0
1005,MZ161366,St. Johns,Hospital,Mzimba,-11.45161,34.02806,184241.7228515409,0.0,100.0
1004,MZ161364,St. John of God,Hospital,Mzimba,-11.45571,34.01381,194959.35804488882,0.0,100.0
839,MG201137,Nangalamu,Health Centre,Mangochi,-14.6110653,35.0826738,14130.443264961243,0.0,100.0
809,MZ161103,Mzuni,Clinic,Mzimba,-11.4222522,33.9958708,168406.90324404463,0.0,100.0
810,CP061104,Naching'anda,Health Post,Chitipa,-9.684917,33.418491,5729.940008163452,0.0,100.0
812,ZA231106,Chopi,Health Centre,Zomba,-15.35785,35.3849,72643.85195684433,0.0,100.0
822,MU211118,Namasalima,Health Centre,Mulanje,-15.80407,35.3491,30626.208230495453,0.0,100.0
824,PH221120,Nambazo,Health Centre,Phalombe,-15.5566963,35.8193749,527.0385003089905,0.0,100.0
827,BT241123,Namboya Felix,Clinic,Blantyre,-15.81381,35.0612,357730.42100548744,0.0,100.0
830,ZA231126,Namikango,Clinic,Zomba,-15.47723,35.24056,31535.262731790543,0.0,100.0
835,MU211132,Namphungo,Health Centre,Mulanje,-15.80407,35.3491,30626.208230495453,0.0,100.0
843,MU211143,Naphimba Health Centre,Health Centre,Mulanje,-16.045639,35.445462,49740.402854561806,0.0,100.0
886,RU141199,Nkhomboli,Health Post,Rumphi,-10.775985,34.039194,8112.011782169342,0.0,100.0
844,NK101144,Naso,Clinic,Nkhotakota,-12.92739,34.28465,45289.80271315575,0.0,100.0
854,SA091156,Ndimoyo,Clinic,Salima,-13.78274,34.45888,72693.7675087452,0.0,100.0
855,BT241157,BLM Ndirande clinic,Clinic,Blantyre,-15.77364,35.03081,362556.4963464439,0.0,100.0
2,BT240005,Akwezeke Pvt,Clinic,Blantyre,-15.84,35.09,197670.55980551243,0.0,100.0
858,NE291160,Neno District Hospital,District Hospital,Neno,-15.39524,34.65349,12273.099055051804,0.0,100.0
865,MG201170,Ngatala,Health Post,Mangochi,-14.65773,35.07712,17144.964688301086,0.0,100.0
868,MG201174,Ngatala,Health Post,Mangochi,-14.657656,35.077156,17170.232313156128,0.0,100.0
879,LL041190,Nkhalango,Clinic,Lilongwe,-14.01291,33.70483,176306.99116837978,0.0,100.0
808,MZ161101,Police,Dispensary,Mzimba,-11.46211,34.02489,185316.38696208224,0.0,100.0
807,MZ161100,Mapale,Health Centre,Mzimba,-11.4617887,34.0151188,191621.66696574911,0.0,100.0
792,MW281079,Banja la mtsogolo,Clinic,Mwanza,-15.59747,34.51505,45220.37061500549,0.0,100.0
789,DA021075,Mwangala,Health Centre,Dowa,-13.487476,33.92326,17677.354454040527,0.0,100.0
750,NK101018,Msenjere,Health Centre,Nkhotakota,-12.7324996,34.1705763,14791.554738998413,0.0,100.0
754,DE031023,Mtakataka,Health Centre,Dedza,-14.22745,34.51474,27650.996918201447,0.0,100.0
757,BT241032,Mtengoumodzi,Hospital,Blantyre,-15.7245,35.01637,178920.0783854723,0.0,100.0
760,MG201036,Mtimabi,Health Centre,Mangochi,-14.6110653,35.0826738,14130.443264961243,0.0,100.0
766,SA091042,Muchila,Dispensary,Salima,-13.77774,34.43803,73179.23844528198,0.0,100.0
768,MU211046,ku Ulongwe,Hospital,Mulanje,-16.0208672,35.4646005,57093.72331869602,0.0,100.0
772,MU211051,Mulungu Alinafe Clinic,Dispensary,Mulanje,-15.856828,35.815601,17052.40619635582,0.0,100.0
774,MZ161053,"Mumbwe,Mzuzu",Clinic,Mzimba,-11.4610291,34.0260232,184581.70148864016,0.0,100.0
775,BT241055,"Munthali Ndalakwanji, N, Pra",Clinic,Blantyre,-15.72915,35.05581,211084.7837063074,0.0,100.0
776,BT241056,Joyce Munthali Private Hospital,Hospital,Blantyre,-15.8044,35.0082,355975.56022176147,0.0,100.0
777,BT241057,Muopo Private Clinic,Clinic,Blantyre,-15.83,35.09,215823.78508496284,0.0,100.0
780,BT241062,Mwachila private clinic,Clinic,Blantyre,-15.65548,35.02158,46453.20217525959,0.0,100.0
781,BT241063,Mwai Medical Pvt Clinic,Clinic,Blantyre,-15.82,35.01,260133.32972702384,0.0,100.0
782,BT241064,Mwai medical clinic,Clinic,Blantyre,-15.817263,35.013087,273692.3702213466,0.0,100.0
783,BT241065,Proff Mbvundula,Clinic,Blantyre,-15.81191,35.04788,396100.4883315265,0.0,100.0
784,BT241067,Mwaiwathu,Hospital,Blantyre,-15.78547,35.01691,423396.9390489757,0.0,100.0
785,BT241070,Banja Clinic,Clinic,Blantyre,-15.762,34.9797,216541.99859046936,0.0,100.0
883,KB051194,Nkhatabay private clinic,Clinic,Nkhata Bay,-11.60663,34.29549,26336.803164720535,0.0,100.0
888,NK101201,Banja la mtsogolo,Clinic,Nkhotakota,-12.92429,34.28346,44986.21215415001,0.0,100.0
1003,TH311363,St. Hellena Oakley (Ntambanyama),Dispensary,Thyolo,-16.32104,35.20741,44000.40755677223,0.0,100.0
980,BT241335,Magita Private Clinic,Clinic,Blantyre,-15.79,35.03,370186.98972532153,0.0,100.0
961,RU141301,Banja La Mtsogolo ,Clinic,Rumphi,-11.02279,33.85523,26873.802053689957,0.0,100.0
963,ZA231305,Sadzi,Health Centre,Zomba,-15.40882,35.31969,115402.1183898449,0.0,100.0
964,BT241307,DREAM Saint Egidio,Clinic,Blantyre,-15.836643204873754,34.99651927531076,215546.2941070795,0.0,100.0
966,SA091309,Admarc,Dispensary,Salima,-13.78623,34.46243,72817.96200466156,0.0,100.0
967,SA091310,SASO,Dispensary,Salima,-13.77165,34.44055,74082.81465244293,0.0,100.0
968,SA091312,District hospital,District Hospital,Salima,-13.76214,34.42199,57743.563744306564,0.0,100.0
973,BT241325,Semema,Clinic,Blantyre,-15.73135,35.05798,226034.43373721838,0.0,100.0
976,BT241330,Shifa Private Hospital,Clinic,Blantyre,-15.78715,35.01045,437559.7188936174,0.0,100.0
982,BT241337,Soche SDA Clinic,Unclassified,Blantyre,-15.80918,35.01977,363099.124527663,0.0,100.0
889,NK101202,Nkhotakota,District Hospital,Nkhotakota,-12.92508,34.27939,45861.55835556984,0.0,100.0
983,BT241339,Society Medical Clinic,Clinic,Blantyre,-15.725756,35.058386,158445.49953365326,0.0,100.0
988,BT241344,Miracle Private Clinic ,Clinic,Blantyre,-15.72562,35.05823,158227.01791626215,0.0,100.0
989,BT241347,South Lunzu,Health Centre,Blantyre,-15.72678,35.05471,185540.20918792486,0.0,100.0
990,MZ161348,Sobo,Dispensary,Mzimba,-11.41853,34.00645,167198.57590636238,0.0,100.0
992,LL041350,SSH,Dispensary,Lilongwe,-13.97345,33.77328,365677.56272994913,0.0,100.0
993,NK101351,St. Anne's,Clinic,Nkhotakota,-10.4130292,34.2111016,25235.634818077087,0.0,100.0
995,LK181355,St. Marys,Health Centre,Likoma,-12.0293441,34.62425,4619.824178695679,0.0,100.0
999,KA151359,Vinthukutu,Health Centre,Karonga,-10.41184,34.21188,24806.40367078781,0.0,100.0
959,LL041298,Reserve Bank of Malawi,Dispensary,Lilongwe,-13.96335,33.78926,314009.4664258305,0.0,100.0
958,BT241297,Rapha Pvt Clinic,Clinic,Blantyre,-15.79,35.08,258329.768350482,0.0,100.0
957,KB051295,Raha,Clinic,Nkhata Bay,-11.61228,34.26874,30239.90006119013,0.0,100.0
955,BT241293,Queen Elizabeth Central Hospital,Central Hospital,Blantyre,-15.80214,35.021,402979.92712423205,0.0,100.0
894,CK271207,Nkombedzi Health Centre,Health Centre,Chikwawa,-16.47944,34.72431,12393.023838043213,0.0,100.0
897,CK271210,Nkumaniza,Health Centre,Chikwawa,-16.47944,34.72431,12393.023838043213,0.0,100.0
907,DE031223,Mtakataka,Health Centre,Dedza,-14.22581,34.51119,26379.38985490799,0.0,100.0
908,ZA231224,Ntata Anthony Clinic,Clinic,Zomba,-15.38929,35.32056,127509.074593544,0.0,100.0
910,NT081226,Ntchisi,District Hospital,Ntchisi,-13.36345,33.91061,31690.631900548935,0.0,100.0
917,BT241237,Nyambadwe,Hospital,Blantyre,-15.77139,35.02323,379507.0257410705,0.0,100.0
925,KA151248,Old Hospital,Dispensary,Karonga,-9.932075,33.940017,57372.589367866516,0.0,100.0
926,MZ161251,Padley PIO,Health Centre,Mzimba,-11.4999552,33.9428955,11228.706460475922,0.0,100.0
928,LL041255,Partners,Clinic,Lilongwe,-14.02341,33.78783,540627.3018422425,0.0,100.0
929,LL041256,Partners,Dispensary,Lilongwe,-14.02341,33.78783,540627.3018422425,0.0,100.0
930,DE031257,Partners Private Clinic,Clinic,Dedza,-14.395257,34.336701,42430.53667497635,0.0,100.0
933,MG201261,Perekamoyo,Dispensary,Mangochi,-14.08575,34.91427,14638.51809322834,0.0,100.0
948,ZA231284,Police,Hospital,Zomba,-15.39112,35.32685,134181.36493849754,0.0,100.0
949,BT241285,Portland Cement Clinic,Clinic,Blantyre,-15.79,35.03,370186.98972532153,0.0,100.0
952,BT241288,KwaMnthali,Clinic,Blantyre,-15.434465776,35.31996884,94348.49500393867,0.0,100.0
953,BT241290,PACE CLINIC,Clinic,Blantyre,-15.675118364775477,35.02571498706839,51276.88443505764,0.0,100.0
954,BT241292,PVHO Private Clinic,Clinic,Blantyre,-15.78605,35.01818,417473.4488706291,0.0,100.0
1166,KU071609,Mnthumbo,Health Post,Kasungu,-13.29403,33.53859,27216.50070333481,0.0,100.0
1168,LL041611,Chiputu,Health Post,Lilongwe,-13.95473,33.7793,318538.4254686544,0.0,100.0
744,BT241009,Mpingo Maternity,Health Centre,Blantyre,-15.0,33.0,75.24223804473876,0.0,100.0
1332,MC011793,Dumasi Private Clinic,Health Centre,Mchinji,-13.7933738,32.8936653,42516.68109869957,0.0,100.0
1319,BT241775,Kuhes,Unclassified,Blantyre,-14.0,33.0,8788.5975522995,0.0,100.0
1320,BT241776,Chilomoni health center,Unclassified,Blantyre,-15.0,33.0,75.24223804473876,0.0,100.0
1321,BT241777,Elley private,Unclassified,Blantyre,-15.0,33.0,75.24223804473876,0.0,100.0
1322,BT241779,Mwai Family,Unclassified,Blantyre,-15.0,33.0,75.24223804473876,0.0,100.0
1326,NK101783,Tamandani Clinic,Dispensary,Nkhotakota,-15.0,35.8,3339.0053589344025,0.0,100.0
1328,NK101785,Tachira Clinic,Health Centre,Nkhotakota,-11.6104042,34.2975954,26354.603833794594,0.0,100.0
1330,MZ161789,Uchembere Wabwino Clinic,Clinic,Mzimba,-11.4602792,34.0069417,193384.6600462459,0.0,100.0
1331,MU131792,Muzu Eye Clinic,Dispensary,Mzuzu Central,-11.4605414,34.0228737,187759.46989860758,0.0,100.0
1333,MC011795,Good Samaritan Clinic,Private,Mchinji,-13.7933738,32.8936653,42516.68109869957,0.0,100.0
1317,BT241773,B Y medical clinic,Unclassified,Blantyre,-14.0,33.0,8788.5975522995,0.0,100.0
1337,MC011800,Good Samaritan Clinic,Dispensary,Mchinji,-13.7933738,32.8936653,42516.68109869957,0.0,100.0
1343,MG201806,Kuchinga,Health Centre,Mangochi,-14.359361,35.530167,35386.77010381222,0.0,100.0
1346,MZ161809,Ekwendeni,Clinic,Mzimba,-11.369831,33.882877,21866.18945121765,0.0,100.0
1347,MZ161810,FPAM,Clinic,Mzimba,-11.461489,34.017365,190516.0288378261,0.0,100.0
1348,BT241811,Bangwe,Dispensary,Blantyre,-15.84015,35.083595,218913.24679934978,0.0,100.0
1349,MZ161812,Katoto,Dispensary,Mzimba,-11.458099,34.012962,194139.6948673986,0.0,100.0
1351,BT241814,Blantyre,Health Centre,Blantyre,-15.80401,35.016811,404374.82438644767,0.0,100.0
1352,BT241815,Chirimba,Dispensary,Blantyre,-15.743391,35.018944,351768.65571290255,0.0,100.0
1318,BT241774,Mphatso clinic,Unclassified,Blantyre,-14.0,33.0,8788.5975522995,0.0,100.0
1309,DE031765,Tunza Clinic,Health Post,Dedza,-14.0,33.0,8788.5975522995,0.0,100.0
1169,LL041612,Kandiyani,Health Post,Lilongwe,-13.95473,33.7793,318538.4254686544,0.0,100.0
1286,LL041740,TIYAMIKE CLINIC,Dispensary,Lilongwe,-14.0199445,33.7779498,494784.7792855352,0.0,100.0
1258,ZA231706,Sitima,Health Post,Zomba,-15.46571,35.51662,33602.36589896679,0.0,100.0
1262,RU141710,Luviri,Health Post,Rumphi,-11.024453289888156,33.864226735549565,26123.602739095688,0.0,100.0
1266,MU211714,Chimbalanga,Health Post,Mulanje,-16.064451792859167,35.465792448442826,47218.71377980709,0.0,100.0
1268,BK171716,Tayanda,Clinic,Balaka,-14.984486,34.949439,62219.3493039608,0.0,100.0
1272,ZA231723,Chuluchosema,Health Centre,Zomba,-15.4429457,35.3669177,37288.400960445404,0.0,100.0
1273,ZA231724,Sitima,Health Centre,Zomba,-15.4117893,35.4436095,28918.2345392704,0.0,100.0
1278,MG201729,Monkeybay DIC-Pakachere,Health Centre,Mangochi,-14.0847423,34.9128377,14556.345802485943,0.0,100.0
1283,CK271737,Majete 3,Health Centre,Chikwawa,-16.020747,34.525114,12078.433989048004,0.0,100.0
1287,LL041741,Chigonjetso Private Clinic,Health Post,Lilongwe,-14.018808,33.7765284,493005.1073627919,0.0,100.0
1308,DE031764,Banja La Mtsogolo ,Clinic,Dedza,-14.01,33.77,483687.7485772632,0.0,100.0
1288,LL041742,Morning Side Clinic,Dispensary,Lilongwe,-14.0101752,33.7846637,541129.2154533435,0.0,100.0
1289,LL041743,T & J DENTAL CLINIC,Dispensary,Lilongwe,-13.909956,33.7490188,381648.0748249963,0.0,100.0
1290,LL041744,LIBERTY MEDICAL CENTRE,Unclassified,Lilongwe,-13.8987058,33.7527068,322311.09238953143,0.0,100.0
1291,LL041745,24 Hours Nsungwi,Dispensary,Lilongwe,-13.8882744,33.755233,304316.0023211315,0.0,100.0
1292,LL041746,TRUST CLINIC,Dispensary,Lilongwe,-14.0200611,33.7932912,560834.9334839098,0.0,100.0
1294,LL041749,VIVIDA ,Dispensary,Lilongwe,-14.0119727,33.7787036,512513.7600939702,0.0,100.0
1306,NT081762,Ovie private Clinic,Private,Ntchisi,-13.3630462,33.9071874,31587.197056293488,0.0,100.0
1307,NT081763,Peace Private Clinic,Private,Ntchisi,-13.3630462,33.9071874,31587.197056293488,0.0,100.0
1353,BT241816,COM,Clinic,Blantyre,-15.80489,35.005669,333144.5106436908,0.0,100.0
1354,MZ161817,Watipa,Clinic,Mzimba,-11.46048,34.018162,190791.75442853197,0.0,100.0
1355,MZ161818,Zolozolo,Dispensary,Mzimba,-11.44384,34.02528,189337.7545919679,0.0,100.0
1420,MC011909,Mphelero Health Centre,Health Centre,Mchinji,-13.80273,32.88716,43190.828943014145,0.0,100.0
1408,BT241894,Homecare,Clinic,Blantyre,-15.809939,34.992444,258395.7845555246,0.0,100.0
1409,LL041895,Kauma Pvt Clinic,Clinic,Lilongwe,-13.945187,33.818601,114099.91193632362,0.0,100.0
1410,LL041896,Angoni Pharmacy,Unclassified,Lilongwe,-13.995482,33.808584,529057.6085975412,0.0,100.0
1412,BT241900,BKM,Clinic,Blantyre,-15.809658,34.991799,259067.99163782597,0.0,100.0
1414,LL041903,Home Care,Unclassified,Lilongwe,-14.021168,33.801051,569100.330956161,0.0,100.0
1415,KU071904,JVC Pharmacy,Unclassified,Kasungu,-13.040142,33.480668,76535.08370876312,0.0,100.0
1416,LL041905,Mitch,Unclassified,Lilongwe,-13.985137,33.767411,390236.84709237143,0.0,100.0
1419,SA091908,Pemba Health Centre,Health Centre,Salima,-13.76214,34.42199,57743.563744306564,0.0,100.0
1421,SA091910,Hope Clinic,Clinic,Salima,-13.76214,34.42199,57743.563744306564,0.0,100.0
1356,MZ161819,Zolozolo,Dispensary,Mzimba,-11.43551,34.02417,189557.64127054438,0.0,100.0
1422,BT241911,Makwasa,Clinic,Blantyre,-15.748188,35.080911,200909.82373452187,0.0,100.0
1424,ZA231913,Hope Clinic,Private,Zomba,-15.379586,35.360051,108714.99072343111,0.0,100.0
1425,ZA231914,Hope Clinic,Clinic,Zomba,-15.379586,35.360051,108714.99072343111,0.0,100.0
1429,SA091918,Chifundo Health Centre,Unclassified,Salima,-13.59695,34.31111,29051.649577140808,0.0,100.0
1434,MZ161926,CHC Clinic,Clinic,Mzimba,-11.402139,33.997889,100292.83105972037,0.0,100.0
1435,MZ161927,Sunrise,Clinic,Mzimba,-11.44613,34.02615,187579.94954290614,0.0,100.0
1437,KA151929,Uchindami,Private,Karonga,-10.4496276,34.2098134,29572.989357948303,0.0,100.0
1439,RU141931,Hewe Medical Clinic,Clinic,Rumphi,-10.81194444,33.52444444,16554.10011100769,0.0,100.0
1406,LL041892,Wungweru,Dispensary,Lilongwe,-13.896568,33.759526,321362.1875005439,0.0,100.0
1399,BT241884,Nancholi,Health Centre,Blantyre,-15.827409,34.969353,151618.20625424385,0.0,100.0
1397,MC011864,Mchinji,Clinic,Mchinji,-13.794971,32.892204,42747.156904459,0.0,100.0
1391,MG201858,Mangochi DIC 2,Dispensary,Mangochi,-14.480145,35.266258,82850.32601565123,0.0,100.0
1357,BT241820,Mthunzi-wathu,Clinic,Blantyre,-15.735082,35.06031,252260.79547691345,0.0,100.0
1358,BT241821,Naperi,Dispensary,Blantyre,-15.810602,35.013298,322536.4103220403,0.0,100.0
1360,BT241823,Sos,Health Centre,Blantyre,-15.72571,35.05822,159110.35666388273,0.0,100.0
1362,CR261827,Malavi,Health Centre,Chiradzulu,-15.83686,35.14867,55565.7902443409,0.0,100.0
1363,NK101828,Mazunga,Clinic,Nkhotakota,-12.510015,34.111526,30529.999885201454,0.0,100.0
1364,DE031829,FPAM,Clinic,Dedza,-14.388437,34.317677,44737.4835845232,0.0,100.0
1369,LL041835,Area,Dispensary,Lilongwe,-13.89561,33.761448,320854.4401978329,0.0,100.0
1370,LL041836,Area,Dispensary,Lilongwe,-14.01632,33.785866,547943.995174842,0.0,100.0
1372,LL041838,Asha,Health Centre,Lilongwe,-13.961618,33.761932,283109.63976450637,0.0,100.0
1373,ZA231839,Matawale,Dispensary,Zomba,-15.385289,35.357662,119905.36927163601,0.0,100.0
1375,LL041841,Lilongwe District Health Office,Health Centre,Lilongwe,-13.9927,33.774879,443409.4791644346,0.0,100.0
1381,ZA231848,Malmed,Clinic,Zomba,-15.38361,35.32215,129841.21787405014,0.0,100.0
1382,LL041849,Area 25 BLM,Clinic,Lilongwe,-13.89558,33.76382,322629.30400211364,0.0,100.0
1383,LL041850,Falls BLM,Clinic,Lilongwe,-13.99657,33.77887,471566.3341234941,0.0,100.0
1384,LL041851,kawale BLM,Clinic,Lilongwe,-13.99154,33.79512,521734.2228321377,0.0,100.0
1387,ZA231854,Zomba Airbase Clinic,Clinic,Zomba,-15.388428,35.384308,75865.96946430206,0.0,100.0
1388,MC191855,Machinga DIC,Dispensary,Machinga,-15.062584,35.22348,45410.38345372677,0.0,100.0
1257,ZA231705,Makina,Health Centre,Zomba,-15.46571,35.51662,33602.36589896679,0.0,100.0
1256,ZA231704,Khanda,Health Centre,Zomba,-15.5566963,35.8193749,527.0385003089905,0.0,100.0
1255,ZA231702,Hope Medi,Clinic,Zomba,-15.46571,35.51662,33602.36589896679,0.0,100.0
1200,MZ161646,Chaboli,Health Post,Mzimba,-11.6781,33.44798,9833.718822479248,0.0,100.0
1192,MW281638,Chimweta,Health Post,Mwanza,-15.59747,34.51505,45220.37061500549,0.0,100.0
1193,MW281639,Galafa,Health Post,Mwanza,-15.59747,34.51505,45220.37061500549,0.0,100.0
1194,MW281640,Gunde,Health Post,Mwanza,-15.59747,34.51505,45220.37061500549,0.0,100.0
1195,MW281641,Kalanga,Health Post,Mwanza,-15.59747,34.51505,45220.37061500549,0.0,100.0
1196,MW281642,Kapiseni,Health Post,Mwanza,-15.59747,34.51505,45220.37061500549,0.0,100.0
1197,MW281643,Samu,Health Post,Mwanza,-15.59747,34.51505,45220.37061500549,0.0,100.0
1198,MW281644,Samu,Health Post,Mwanza,-15.59747,34.51505,45220.37061500549,0.0,100.0
1199,MW281645,Thambala,Health Post,Mwanza,-15.59747,34.51505,45220.37061500549,0.0,100.0
1201,MZ161647,Chasefu,Health Centre,Mzimba,-11.6781,33.44798,9833.718822479248,0.0,100.0
1211,MZ161657,Lukwelukwe,Health Centre,Mzimba,-11.6781,33.44798,9833.718822479248,0.0,100.0
1202,MZ161648,Chikwa,Health Post,Mzimba,-11.6781,33.44798,9833.718822479248,0.0,100.0
1203,MZ161649,Dimi,Unclassified,Mzimba,-11.6781,33.44798,9833.718822479248,0.0,100.0
1204,MZ161650,Emthuzini,Health Centre,Mzimba,-11.6781,33.44798,9833.718822479248,0.0,100.0
1205,MZ161651,Jandalala,Health Centre,Mzimba,-11.6781,33.44798,9833.718822479248,0.0,100.0
1206,MZ161652,Kajorwe,Health Post,Mzimba,-11.6781,33.44798,9833.718822479248,0.0,100.0
1207,MZ161653,Kakombwe,Health Centre,Mzimba,-11.6781,33.44798,9833.718822479248,0.0,100.0
1208,MZ161654,Kaluwe,Health Centre,Mzimba,-11.6781,33.44798,9833.718822479248,0.0,100.0
1209,MZ161655,Kalweya,Health Post,Mzimba,-11.6781,33.44798,9833.718822479248,0.0,100.0
1191,MW281637,Chimlango,Health Post,Mwanza,-15.59747,34.51505,45220.37061500549,0.0,100.0
1190,MW281636,Chimbwinda,Health Post,Mwanza,-15.59747,34.51505,45220.37061500549,0.0,100.0
1189,MC011635,Tongozara,Health Post,Mchinji,-13.79508,32.89221,42748.8280851841,0.0,100.0
1188,MC011634,Sunama,Health Post,Mchinji,-13.79508,32.89221,42748.8280851841,0.0,100.0
1170,LL041613,Kanyerere,Health Post,Lilongwe,-13.95473,33.7793,318538.4254686544,0.0,100.0
1171,LL041614,Kapudzama,Health Post,Lilongwe,-13.95473,33.7793,318538.4254686544,0.0,100.0
1172,LL041615,Katenje,Health Post,Lilongwe,-13.95473,33.7793,318538.4254686544,0.0,100.0
1173,LL041616,Masinja,Health Post,Lilongwe,-13.95473,33.7793,318538.4254686544,0.0,100.0
1174,LL041617,Mthang'ombe,Health Post,Lilongwe,-13.95473,33.7793,318538.4254686544,0.0,100.0
1175,LL041618,Nyanda,Health Post,Lilongwe,-13.95473,33.7793,318538.4254686544,0.0,100.0
1176,LL041619,Sese,Health Post,Lilongwe,-13.95473,33.7793,318538.4254686544,0.0,100.0
1177,LL041620,St. Chavala,Health Centre,Lilongwe,-13.95473,33.7793,318538.4254686544,0.0,100.0
1178,LL041621,Zabira,Health Post,Lilongwe,-13.95473,33.7793,318538.4254686544,0.0,100.0
1179,LL041622,Zabira,Health Post,Lilongwe,-13.95473,33.7793,318538.4254686544,0.0,100.0
1180,MC191623,Chipamba,Health Post,Machinga,-14.7655,35.66691,28704.957811832428,0.0,100.0
1181,MG201624,Lupetere,Health Post,Mangochi,-14.48,35.26,82565.49969309568,0.0,100.0
1183,MG201626,Nalikolo,Health Post,Mangochi,-14.48,35.26,82565.49969309568,0.0,100.0
1184,MC011628,Border Wellness Centre,Health Post,Mchinji,-13.79508,32.89221,42748.8280851841,0.0,100.0
1185,MC011629,Kamchere,Health Post,Mchinji,-13.79508,32.89221,42748.8280851841,0.0,100.0
1186,MC011630,Kanyanda,Health Post,Mchinji,-13.79508,32.89221,42748.8280851841,0.0,100.0
1187,MC011633,Matutu,Health Post,Mchinji,-13.79508,32.89221,42748.8280851841,0.0,100.0
1210,MZ161656,Kasenga,Health Post,Mzimba,-11.6781,33.44798,9833.718822479248,0.0,100.0
1212,MZ161658,Machecheta,Health Post,Mzimba,-11.6781,33.44798,9833.718822479248,0.0,100.0
1254,ZA231700,Chuluchosema,Health Centre,Zomba,-15.46571,35.51662,33602.36589896679,0.0,100.0
1244,RU141690,Chakaka,Health Post,Rumphi,-10.76924,33.55751,9334.31320142746,0.0,100.0
1236,NT081682,Mndimba,Health Post,Ntchisi,-13.26166,33.86851,15097.469990253448,0.0,100.0
1237,NT081683,Mthiransembe,Health Post,Ntchisi,-13.26166,33.86851,15097.469990253448,0.0,100.0
1238,NT081684,Namdzomba,Health Post,Ntchisi,-13.26166,33.86851,15097.469990253448,0.0,100.0
1239,NT081685,Ndendere,Health Post,Ntchisi,-13.26166,33.86851,15097.469990253448,0.0,100.0
1240,NT081686,Njakwa,Health Post,Ntchisi,-13.26166,33.86851,15097.469990253448,0.0,100.0
1241,NT081687,Nyanga,Health Post,Ntchisi,-13.26166,33.86851,15097.469990253448,0.0,100.0
1242,RU141688,Bembe,Health Post,Rumphi,-10.76924,33.55751,9334.31320142746,0.0,100.0
1243,RU141689,Chaguwu,Health Post,Rumphi,-10.76924,33.55751,9334.31320142746,0.0,100.0
1245,RU141691,Junju,Health Post,Rumphi,-10.76924,33.55751,9334.31320142746,0.0,100.0
1213,MZ161659,Malinyete,Health Post,Mzimba,-11.6781,33.44798,9833.718822479248,0.0,100.0
1246,RU141692,Kanyerere,Health Centre,Rumphi,-10.76924,33.55751,9334.31320142746,0.0,100.0
1247,RU141693,Kasenga,Health Post,Rumphi,-10.76924,33.55751,9334.31320142746,0.0,100.0
1248,RU141694,Mala,Health Post,Rumphi,-10.76924,33.55751,9334.31320142746,0.0,100.0
1249,RU141695,Mjuma,Health Post,Rumphi,-10.76924,33.55751,9334.31320142746,0.0,100.0
1250,RU141696,Mweyeye,Health Post,Rumphi,-10.76924,33.55751,9334.31320142746,0.0,100.0
1251,RU141697,Nkhombwa,Health Post,Rumphi,-10.76924,33.55751,9334.31320142746,0.0,100.0
1252,SA091698,Hope,Health Centre,Salima,-13.77065,34.44174,74097.3969464302,0.0,100.0
1253,SA091699,Mnema,Health Centre,Salima,-13.77065,34.44174,74097.3969464302,0.0,100.0
1235,NT081681,Chazim'bobo,Health Post,Ntchisi,-13.26166,33.86851,15097.469990253448,0.0,100.0
1234,NT081680,Chanjoka,Health Post,Ntchisi,-13.26166,33.86851,15097.469990253448,0.0,100.0
1233,NT081679,Chafumbwa,Health Post,Ntchisi,-13.26166,33.86851,15097.469990253448,0.0,100.0
1232,NS301678,Lundu,Health Post,Nsanje,-17.0468,35.21658,21137.28839635849,0.0,100.0
1214,MZ161660,Mkwangwali,Health Centre,Mzimba,-11.6781,33.44798,9833.718822479248,0.0,100.0
1215,MZ161661,Mtuzuzu,Unclassified,Mzimba,-11.6781,33.44798,9833.718822479248,0.0,100.0
1216,MZ161662,Mzoma,Unclassified,Mzimba,-11.6781,33.44798,9833.718822479248,0.0,100.0
1218,MZ161664,Tangatanga,Health Post,Mzimba,-11.6781,33.44798,9833.718822479248,0.0,100.0
1219,MZ161665,Zowe,Unclassified,Mzimba,-11.6781,33.44798,9833.718822479248,0.0,100.0
1220,NE291666,Binje,Health Post,Neno,-15.59825,34.69892,3417.747963666916,0.0,100.0
1221,NE291667,Chawe,Health Post,Neno,-15.59825,34.69892,3417.747963666916,0.0,100.0
1222,NE291668,Feremu,Health Post,Neno,-15.59825,34.69892,3417.747963666916,0.0,100.0
1223,NE291669,Gonthi,Health Post,Neno,-15.59825,34.69892,3417.747963666916,0.0,100.0
1224,NE291670,Kam'mwamba,Health Post,Neno,-15.59825,34.69892,3417.747963666916,0.0,100.0
1225,NE291671,Mbemba,Health Post,Neno,-15.59825,34.69892,3417.747963666916,0.0,100.0
1226,NE291672,Mwetang'ombe,Health Post,Neno,-15.59825,34.69892,3417.747963666916,0.0,100.0
1227,NE291673,Nsenjere,Health Post,Neno,-15.59825,34.69892,3417.747963666916,0.0,100.0
1228,NE291674,Ntanja,Health Post,Neno,-15.59825,34.69892,3417.747963666916,0.0,100.0
1229,KB051675,Chituka,Health Post,Nkhata Bay,-11.22268,34.12324,1634.9966623783112,0.0,100.0
1230,KB051676,Makumbo,Health Post,Nkhata Bay,-11.22268,34.12324,1634.9966623783112,0.0,100.0
1231,KB051677,Mazamba,Health Post,Nkhata Bay,-11.22268,34.12324,1634.9966623783112,0.0,100.0
746,DA021013,Mponela,Hospital,Dowa,-13.53264,33.73713,44446.25538396835,0.0,100.0
856,BT241158,Ndirande,Health Centre,Blantyre,-15.7781,35.03946,365289.04918155074,0.0,100.0
337,LL040433,Good Health,Dispensary,Lilongwe,-13.94332,33.82,103581.88928094739,0.0,100.0
310,MZ160395,Escom,Clinic,Mzimba,-11.4629863,34.0228251,186545.87130263075,0.0,100.0
39,BK170054,Dream Clinic,Clinic,Balaka,-15.00322,34.95248,61848.00698208809,0.0,100.0
293,BT240377,Ebenezer private clinic,Clinic,Blantyre,-15.746697,35.020051,356328.201957494,0.0,100.0
296,MU210381,Ekhamuno,Health Post,Mulanje,-16.0675917,35.46262,47348.22737276554,0.0,100.0
301,BT240386,Elim Private Clinic,Clinic,Blantyre,-15.8188,35.01231,268139.1842481792,0.0,100.0
302,CP060387,Elizabeth Glazer Private Clinic,Clinic,Chitipa,-9.7,33.27,41736.65290105343,0.0,100.0
308,MZ160393,Enukweni,Health Centre,Mzimba,-11.18005,33.88592,20695.09709405899,0.0,100.0
309,LL040394,Escom,Clinic,Lilongwe,-13.99195,33.77192,429455.255531637,0.0,100.0
313,CP060400,Family Choice Private Clinic,Clinic,Chitipa,-9.7016717,33.2702792,41454.51495397091,0.0,100.0
279,NK100361,Banja lamtsogolo,Clinic,Nkhotakota,-12.50975,34.1121,30825.15665280819,0.0,100.0
314,BT240401,Family Health clinic,Clinic,Blantyre,-15.802603,35.051349,408216.7266087234,0.0,100.0
315,DA020403,FPAM,Dispensary,Dowa,-13.65834,33.93289,24754.843420028687,0.0,100.0
38,BK170053,Balaka District Hospital,District Hospital,Balaka,-14.98498,34.94959,62162.49752497673,0.0,100.0
318,MU210409,Fomo,Clinic,Mulanje,-16.00603,35.48167,47620.81354308128,0.0,100.0
320,LL040411,Kawale FPAM,Clinic,Lilongwe,-13.99076,33.79949,518792.58027368225,0.0,100.0
325,BT240417,Gateway Dispensary,Dispensary,Blantyre,-15.804572,35.017828,401910.4823716581,0.0,100.0
326,BT240418,Gatrad Mahomed I,Hospital,Blantyre,-15.78707,35.00625,433581.604652375,0.0,100.0
280,NK100362,Cane growers Clinic,Clinic,Nkhotakota,-12.52114,34.1191,27907.439092040062,0.0,100.0
277,BT240359,kampondeni,Hospital,Blantyre,-15.81641,35.06629,316777.04043388367,0.0,100.0
7,LL040012,Adventist,Health Centre,Lilongwe,-13.95473,33.7793,318538.4254686544,0.0,100.0
259,LL040330,David Livingston,Health Post,Lilongwe,-13.98173,33.78813,442743.2854818646,0.0,100.0
239,KA150304,Chiza,Clinic,Karonga,-10.4556943,34.2099356,28149.706949710846,0.0,100.0
242,KB050307,St. Marys,Clinic,Nkhata Bay,-12.03,34.62,4619.824178695679,0.0,100.0
249,LL040316,City centre Clinic,Health Post,Lilongwe,-13.95666,33.7839,317636.09677706053,0.0,100.0
250,ZA230317,Manicipality,Clinic,Zomba,-15.39072,35.32416,132032.40988111496,0.0,100.0
252,BT240320,Come Again,Unclassified,Blantyre,-15.790118,35.085924,230853.5927066803,0.0,100.0
253,BK170321,Andiamo,Health Centre,Balaka,-15.00318,34.95244,61833.66578221321,0.0,100.0
257,BT240326,Dalirani Private Clinic,Clinic,Blantyre,-15.82529,35.08039,254238.67844974995,0.0,100.0
261,DE030334,Dedza District Hospital,District Hospital,Dedza,-14.38596,34.33547,45821.6424754858,0.0,100.0
276,BT240358,Dr. Kidys,Hospital,Blantyre,-15.78662,35.00755,434995.73532506824,0.0,100.0
264,NK100338,Destiny,Clinic,Nkhotakota,-12.5085267,34.1120499,30983.788897156715,0.0,100.0
41,BT240059,Bangwe,Health Centre,Blantyre,-15.823832,35.080477,256010.3049083948,0.0,100.0
267,LL040341,Discovery clinic,Clinic,Lilongwe,-13.95818,33.79159,306079.4532035496,0.0,100.0
272,DA020350,Dowa DHO,District Hospital,Dowa,-13.65432,33.93625,23746.622448921204,0.0,100.0
273,BT240353,Chilemba,Clinic,Blantyre,-15.7864,35.0008,413937.94161233306,0.0,100.0
274,BT240354,Dr. Dzinyemba,Clinic,Blantyre,-15.78609,35.00663,433689.80412837863,0.0,100.0
275,MZ160357,Dr. Msachi,Clinic,Mzimba,-11.457783,34.0171355,192890.41969838366,0.0,100.0
328,LL040420,Gika Clinic,Clinic,Lilongwe,-13.8965,33.76435,324986.66522509605,0.0,100.0
329,BT240422,Girach,Hospital,Blantyre,-15.78721,35.00488,430080.8431869447,0.0,100.0
330,BT240424,GM Opticals,Clinic,Blantyre,-15.0,35.0,44224.61520767212,0.0,100.0
432,KA150569,BLM,Clinic,Karonga,-9.9402745,33.9242761,68773.98755335808,0.0,100.0
400,LL040529,Central,Central Hospital,Lilongwe,-13.97639,33.78512,392061.26616340317,0.0,100.0
403,DE030532,Mdeza,Dispensary,Dedza,-13.487476,33.92326,17677.354454040527,0.0,100.0
408,BT240539,Kanjedza Medical Clinic,Clinic,Blantyre,-15.81,35.05,406325.4509705007,0.0,100.0
409,BT240540,Kanjeza Police dispensary,Dispensary,Blantyre,-15.815721,35.048525,375886.24789103866,0.0,100.0
414,DA020547,Kanyika,Clinic,Dowa,-13.54849,33.7421,45478.04536437988,0.0,100.0
426,NK100562,Kapiri,Health Centre,Nkhotakota,-13.21616,34.31136,27883.488545417786,0.0,100.0
427,MG200563,Kapire,Clinic,Mangochi,-14.7858459,34.9994469,17997.539577245712,0.0,100.0
37,BK170052,Balaka Banja La Mtsogolo clinic,Clinic,Balaka,-14.98876,34.95557,62447.53563952446,0.0,100.0
18,BT240028,AMECA (Chilaweni),Clinic,Blantyre,-15.703336,35.04442,94090.35188865662,0.0,100.0
436,BT240574,Kasamba Private Clinic,Clinic,Blantyre,-15.84,35.09,197670.55980551243,0.0,100.0
36,BT240051,Ayali Private Clinic,Clinic,Blantyre,-15.66,35.02,47920.99413895607,0.0,100.0
6,LL040011,Adventist Health Centre,Hospital,Lilongwe,-13.95473,33.7793,318538.4254686544,0.0,100.0
35,LL040050,Auction Holdings Clinic,Dispensary,Lilongwe,-13.89089,33.79952,226074.74365151674,0.0,100.0
460,LL040610,Kawale,Health Centre,Lilongwe,-13.99175,33.79757,525220.5744559113,0.0,100.0
469,SA090626,Khombedza,Health Centre,Salima,-13.59695,34.31111,29051.649577140808,0.0,100.0
472,TH310631,Khonjeni health centre,Health Centre,Thyolo,-16.09692,35.27129,41868.708800792694,0.0,100.0
399,LL040528,Kamuzu Barracks,Hospital,Lilongwe,-13.98131,33.82105,387913.1435585413,0.0,100.0
395,NS300522,Kamphata,Health Post,Nsanje,-17.0468,35.21658,21137.28839635849,0.0,100.0
59,NT120081,Biliwiri,Health Centre,Ntcheu,-14.817,34.638306,39724.56108999252,0.0,100.0
385,BT240506,Kalong - Limbe,Hospital,Blantyre,-15.80902,35.05916,377872.84711021185,0.0,100.0
338,LL040434,Good Hope,Dispensary,Lilongwe,-13.920696344738518,33.74781131744385,381568.0802993849,0.0,100.0
339,TH310436,Gotha Estate Clinic,Clinic,Thyolo,-15.77213,35.76965,24280.294093579054,0.0,100.0
345,KA150446,Bundi,Dispensary,Karonga,-10.48876,34.16939,22406.598227500916,0.0,100.0
346,BT240447,Hasco Clinic,Clinic,Blantyre,-15.77738,35.00621,414524.3198032081,0.0,100.0
347,BT240448,Healing Hearts,Clinic,Blantyre,-15.709567,35.071315,88279.52711629868,0.0,100.0
348,BT240449,Henred,Clinic,Blantyre,-15.78901,35.03458,365947.72698506713,0.0,100.0
351,BT240454,Hope Medical centre,Health Centre,Blantyre,-15.0,33.0,75.24223804473876,0.0,100.0
352,LL040457,Area 36 private clinic,Dispensary,Lilongwe,-14.01825,33.77906,507749.4092219621,0.0,100.0
353,CK270459,Hunger Clinic,Health Centre,Chikwawa,-16.27045,34.86368,38852.12485393137,0.0,100.0
358,MC010466,ITES,Clinic,Mchinji,-13.7951,32.89124,42822.69104909897,0.0,100.0
362,BT240473,Medicare,Clinic,Blantyre,-15.78671,35.00799,435635.50000986457,0.0,100.0
368,LL040483,kachere,Clinic,Lilongwe,-14.00511,33.81734,527464.1536633689,0.0,100.0
370,BT240485,Kachere Rehabilitation,Hospital,Blantyre,-15.80339,35.01819,408753.78667494655,0.0,100.0
373,BT240490,Kadidi,Health Centre,Blantyre,-15.66083,35.02212,47368.042284846306,0.0,100.0
380,KU070498,Kalikene,Clinic,Kasungu,-13.0389,33.48138,76417.67584514618,0.0,100.0
225,KB050290,Chitheka,Health Centre,Nkhata Bay,-11.6080989,34.3016984,24241.37173986435,0.0,100.0
222,BT240284,Chitekwe Arthur D. Arthur Gar,Clinic,Blantyre,-15.83626,35.09193,199811.47115290165,0.0,100.0
479,BT240639,Kotecha Clinic,Clinic,Blantyre,-15.7895,35.08616,230089.54446655512,0.0,100.0
94,KA150128,Care,Clinic,Karonga,-9.9394464,33.9229215,69934.52430868149,0.0,100.0
13,MG200021,Alinafe Private Clinic,Clinic,Mangochi,-14.4790606,35.2574859,82461.53395813704,0.0,100.0
80,MU210106,Bloomfield,Dispensary,Mulanje,-16.057405,35.673299,50396.30297613144,0.0,100.0
83,DA020111,Bowe,Health Centre,Dowa,-13.27878,33.68392,17338.179852485657,0.0,100.0
84,KU070113,Bua,Health Centre,Kasungu,-13.29403,33.53859,27216.50070333481,0.0,100.0
86,KB050115,Bula,Health Centre,Nkhata Bay,-11.22268,34.12324,1634.9966623783112,0.0,100.0
87,MZ160116,Bulala,Health Centre,Mzimba,-11.6781,33.44798,9833.718822479248,0.0,100.0
90,LL040122,Bottom,District Hospital,Lilongwe,-13.99164,33.77561,438476.89905701764,0.0,100.0
95,BT240129,SOBO,Clinic,Blantyre,-15.79,35.03,370186.98972532153,0.0,100.0
47,BT240068,Beit Cure,Hospital,Blantyre,-15.80354,35.01753,408683.11258015037,0.0,100.0
96,LL040131,CCK Health,Dispensary,Lilongwe,-13.98302,33.75233,342487.4735389352,0.0,100.0
97,NK100132,Central 3 clinic,Clinic,Nkhotakota,-12.5033,34.1308,34465.25150847435,0.0,100.0
98,BT240133,Railways Private Clinic,Clinic,Blantyre,-15.81536,35.0633,337889.3784277141,0.0,100.0
44,SA090064,Baptist health centre,Health Centre,Salima,-13.73887,34.59749,26046.560928583145,0.0,100.0
106,ZA230144,Chamba,Health Centre,Zomba,-15.46571,35.51662,33602.36589896679,0.0,100.0
43,CP060062,Banja la Mtsogolo,Clinic,Chitipa,-15.3890539,35.320048,126908.83569097519,0.0,100.0
107,MU210145,Chambe Health Centre,Health Centre,Mulanje,-16.071315,35.482338,50117.02658331394,0.0,100.0
46,LL040066,Baylor,Clinic,Lilongwe,-13.977985,33.786847,410961.63160389103,0.0,100.0
79,BT240105,BLM Zingwangwa Clinic,Clinic,Blantyre,-15.81847,35.01171,267929.4134400785,0.0,100.0
219,BT240281,Gombwa,Hospital,Blantyre,-15.81293,35.02274,324858.1369576156,0.0,100.0
56,BT240078,BKM PVT Clinic,Clinic,Blantyre,-15.78826,35.00554,431218.4191969335,0.0,100.0
15,LL040023,Alliance one Clinic,Clinic,Lilongwe,-13.89571,33.80108,230301.44225300103,0.0,100.0
62,BT240084,Blantyre Adventist Hospital,Hospital,Blantyre,-15.7824,35.0031,427240.6574587524,0.0,100.0
63,BT240085,City assembly,Clinic,Blantyre,-15.8,35.04,392417.1053342521,0.0,100.0
64,BT240087,Blantyre Dream Project (Mandala),Health Centre,Blantyre,-15.79182,35.01273,424606.51481339335,0.0,100.0
65,BT240088,Blantyre Medicare CityCentre Clinic City Centre Clinic Makadam Pvt Clinic,Clinic,Blantyre,-15.786933,35.007778,435463.9813042581,0.0,100.0
66,BT240089,Blantyre Water Board - Mudi,Clinic,Blantyre,-15.7953,35.03811,386712.7593997419,0.0,100.0
67,BT240090,Waterboard Clinic-Mudi,Unclassified,Blantyre,-15.0,33.0,75.24223804473876,0.0,100.0
71,LL040094,Banja la mtsogolo,Clinic,Lilongwe,-13.99646,33.77897,471804.17941080965,0.0,100.0
78,BT240104,Banja Lamtsogolo,Clinic,Blantyre,-15.8,35.0,342315.15500578284,0.0,100.0
72,LL040095,Kawale Banja la mtsogolo,Clinic,Lilongwe,-13.9915,33.79514,521578.8410988394,0.0,100.0
73,BT240097,BLM Lunzu,Clinic,Blantyre,-15.65114,35.02028,45265.172892570496,0.0,100.0
55,LL040077,Bethsaida,Hospital,Lilongwe,-13.93387,33.79202,257426.13139821775,0.0,100.0
53,BT240074,Kachale,Clinic,Blantyre,-15.78018,35.07352,307086.4881644845,0.0,100.0
50,BT240071,Belton Kapyepye Memorial Clini,Clinic,Blantyre,-15.80869,34.99434,269116.745200485,0.0,100.0
76,MZ160102,BLM,Clinic,Mzimba,-11.45612,34.01638,194082.9482734464,0.0,100.0
77,NT120103,Ntcheu BLM,Clinic,Ntcheu,-14.81394,34.63512,39545.891634464264,0.0,100.0
11,CR260018,Akasale,Hospital,Chiradzulu,-15.7594487,35.1148531,116201.36331027746,0.0,100.0
111,ZA230149,Chanco clinic,Clinic,Zomba,-15.38533,35.33213,135158.9204390049,0.0,100.0
118,ZA230158,Charity Fellium Private Maternity Clinic,Clinic,Zomba,-15.38527,35.36156,114531.97869187593,0.0,100.0
191,CP060245,Chinsasu,Clinic,Chitipa,-9.68485,33.41856,5712.349570035934,0.0,100.0
167,BT240216,Chilomoni,Health Centre,Blantyre,-15.77128,34.98156,225406.0619903803,0.0,100.0
9,ZA230015,Airwing,Clinic,Zomba,-15.38876,35.38508,75254.32214307785,0.0,100.0
181,KU070234,Chimwemwe,Clinic,Kasungu,-12.5670818,33.5113505,24149.987022399902,0.0,100.0
182,ZA230235,Maseko,Dispensary,Zomba,-15.3816,35.35584,118033.6796309948,0.0,100.0
184,TH310237,Chingadzi Hospital,Hospital,Thyolo,-15.91842,35.20595,48707.53404760361,0.0,100.0
186,NT080239,Chinguluwe,Health Centre,Ntchisi,-13.2614988,33.868625,15068.438403129578,0.0,100.0
189,BT240242,Chinjobvu clinic,Clinic,Blantyre,-15.73676,35.0192,302339.87239068747,0.0,100.0
202,CP060260,Chipwera,Health Post,Chitipa,-9.773001,33.522856,3171.6177356243134,0.0,100.0
120,ZA230160,chavula,Clinic,Zomba,-15.41083,35.32392,119724.08942317963,0.0,100.0
203,CR260261,Chiradzulu District Hospital,District Hospital,Chiradzulu,-15.7107196,35.1742529,34060.02957415581,0.0,100.0
205,PH220264,Chiringa CHAM,Health Centre,Phalombe,-15.765692,35.761923,23557.863222926855,0.0,100.0
8,ZA230014,AHI,Clinic,Zomba,-15.38361,35.3223,129941.94347405434,0.0,100.0
207,MU210267,chisambo,Clinic,Mulanje,-16.03822,35.70899,39808.8690302372,0.0,100.0
211,RU140271,Chisimuka,Health Centre,Rumphi,-10.76924,33.55751,9334.31320142746,0.0,100.0
213,MU210273,Chisitu,Health Centre,Mulanje,-16.0009921,35.4330321,52451.70229744911,0.0,100.0
216,TH310278,Chisunga,Health Post,Thyolo,-13.0,33.0,2511.1211907863617,0.0,100.0
166,BT240215,Chilomoni pvt clinic,Clinic,Blantyre,-15.77435,34.98145,225298.94628864527,0.0,100.0
164,BT240213,Chilobwe Private Clinic,Clinic,Blantyre,-15.83305,35.00742,245009.93934696913,0.0,100.0
161,LL040209,Chilinde,Clinic,Lilongwe,-13.99587,33.81026,523828.6118530277,0.0,100.0
159,BT240207,Chirimba,Health Centre,Blantyre,-15.746368,35.022984,345409.21693110466,0.0,100.0
125,MZ160167,Chiwanja Pvt,Clinic,Mzimba,-11.4509801,34.0117584,198389.7926994823,0.0,100.0
126,MU210168,Chibathi,Health Post,Mulanje,-16.0712505,35.4823584,50152.73543512821,0.0,100.0
127,BT240169,Chichiri ESCOM Clinic,Clinic,Blantyre,-15.79342,35.02444,374828.4895989597,0.0,100.0
128,BT240170,Chichiri Prison Clinic,Clinic,Blantyre,-15.80577,35.03242,388056.9804928005,0.0,100.0
132,BT240175,Chifundo private clinic,Clinic,Blantyre,-15.77562,34.98003,220022.67142537236,0.0,100.0
133,NE290176,Chifunga Health center,Health Centre,Neno,-15.59825,34.69892,3417.747963666916,0.0,100.0
134,BT240177,Chogeli clinic,Clinic,Blantyre,-15.841674,35.044006,274725.71906769276,0.0,100.0
136,BT240180,Chigumula Clinic,Clinic,Blantyre,-15.89,35.06,66463.0162923336,0.0,100.0
144,MU210189,chikuli,Dispensary,Mulanje,-16.052873,35.645496,37413.220640182495,0.0,100.0
146,DE030191,Chikuse,Health Centre,Dedza,-14.15069,34.31881,16638.97129011154,0.0,100.0
149,MC190194,Chikweo,Health Centre,Machinga,-14.7655,35.66691,28704.957811832428,0.0,100.0
152,BT240198,Chilani,Health Centre,Blantyre,-15.82874,35.00677,247107.62309917808,0.0,100.0
42,BT240061,Banja Care Clinic,Clinic,Blantyre,-16.01,35.49,44854.93370342255,0.0,100.0
154,LL040200,Child Legacy (Mkanga),Health Centre,Lilongwe,-14.0685264,33.472115,29481.373289108276,0.0,100.0
155,BT240202,Chileka,Health Centre,Blantyre,-15.682466,34.970663,30834.522742271423,0.0,100.0
474,BT240633,"Khuoge, Dane",Clinic,Blantyre,-15.76708,35.07471,292717.4452470541,0.0,100.0
60,MG200082,Billy Riordan clinic,Clinic,Mangochi,-14.0319916,34.8402186,13520.26634079218,0.0,100.0
34,BT240048,Auction Holdings Clinic,Clinic,Blantyre,-15.81195,35.06417,352994.1987090111,0.0,100.0
587,BT240796,Promedence ,Clinic,Blantyre,-15.75017,35.0805,219649.24870049953,0.0,100.0
616,NK100835,Manzunga,Clinic,Nkhotakota,-12.509885,34.111282,30577.941502928734,0.0,100.0
22,LL040033,Area 18,Health Centre,Lilongwe,-13.94131,33.78051,295358.76071053,0.0,100.0
619,CK270840,Maperera,Health Centre,Chikwawa,-16.10534,34.9157,19465.53944814205,0.0,100.0
620,BT240841,Mapeto,Clinic,Blantyre,-15.79,35.03,370186.98972532153,0.0,100.0
533,BT240725,Lungu Private Clinic,Clinic,Blantyre,-15.82999,35.07883,254883.51920461655,0.0,100.0
31,KB050044,Chakunyanja,Clinic,Nkhata Bay,-11.61,34.3,25408.16037082672,0.0,100.0
714,LL040968,Mlodza Seventhday Clinic,Clinic,Lilongwe,-14.007222,33.8175,533337.7015559766,0.0,100.0
682,ZA230926,Mikuyu,Clinic,Zomba,-15.41764,35.41968,30648.134279966354,0.0,100.0
689,NS300936,Bwangu,Health Post,Nsanje,-16.76255,35.04739,3519.0432543754578,0.0,100.0
524,KA150713,Lughano,Clinic,Karonga,-9.9386275,33.9212449,70988.30856323242,0.0,100.0
25,LL040037,Area 25,Health Centre,Lilongwe,-13.89272,33.77465,318156.04106963426,0.0,100.0
623,NS300846,Masenjere,Health Centre,Nsanje,-16.33721,35.09671,19254.408757209778,0.0,100.0
514,NE290700,Lisungwi Community Hospital,Hospital,Neno,-15.3954489,34.6531105,12352.070937871933,0.0,100.0
624,BT240848,Masm Medi - Limbe,Clinic,Blantyre,-15.812582,35.055045,382553.83709418774,0.0,100.0
626,LL040850,Area 12 Masm clinic,Hospital,Lilongwe,-13.9319,33.81007,179730.7426980082,0.0,100.0
511,MU210695,Lingalawe,Clinic,Mulanje,-16.00946,35.48489,46884.278121590614,0.0,100.0
24,LL040036,Banja la mtsogolo,Unclassified,Lilongwe,-13.89488,33.76206,319627.9607766345,0.0,100.0
509,BT240690,Hajira,Clinic,Blantyre,-15.78,35.07,301953.9724790454,0.0,100.0
627,ZA230851,Masm,Clinic,Zomba,-15.37823,35.331592,130282.58247995377,0.0,100.0
601,BT240815,Malmed,Health Centre,Blantyre,-15.0,33.0,75.24223804473876,0.0,100.0
612,CK270830,Mangulenje Health Centre,Health Centre,Chikwawa,-16.10534,34.9157,19465.53944814205,0.0,100.0
541,LK180733,Lusungu,Clinic,Likoma,-12.064708,34.740964,11093.444043159485,0.0,100.0
27,LL040039,Area 36 Living Waters,Dispensary,Lilongwe,-14.0119727,33.7787036,512513.7600939702,0.0,100.0
565,BT240766,Madinah social services - Ndirande,Clinic,Blantyre,-15.77621,35.03847,363110.38707360625,0.0,100.0
562,SA090763,Madalitso,Clinic,Salima,-13.78414,34.45409,72278.5654053688,0.0,100.0
580,NS300789,Makhanga,Health Centre,Nsanje,-16.33721,35.09671,19254.408757209778,0.0,100.0
4,LL040007,ABC Clinic,Hospital,Lilongwe,-13.96816,33.74129,188436.52451899648,0.0,100.0
581,BT240790,Makhetha health centre,Health Centre,Blantyre,-15.62996,35.07964,31430.843855381012,0.0,100.0
560,MZ160760,Macro,Clinic,Mzimba,-11.4649,34.00439,190112.58637705073,0.0,100.0
676,TH310916,Mianga Clinic,Clinic,Thyolo,-16.09883,35.07553,43554.8961353302,0.0,100.0
704,BT240958,L and A,Clinic,Blantyre,-15.77528,35.04706,360614.0574758947,0.0,100.0
670,BT240907,Merit Clinic,Clinic,Blantyre,-15.77927,35.04387,356855.4332331121,0.0,100.0
545,NE290738,Luwani Health Centre,Health Centre,Neno,-15.3955218,34.6531907,12337.987073659897,0.0,100.0
559,LL040759,Macro,Clinic,Lilongwe,-13.99819,33.776,470972.5368218478,0.0,100.0
26,LL040038,Area 30 clinic,Clinic,Lilongwe,-13.9279,33.78419,309709.58610228077,0.0,100.0
701,NK100953,Chisomo Pvt Clinic,Clinic,Nkhotakota,-12.50588,34.11234,31133.326234817505,0.0,100.0
609,KA150826,Mhone,Clinic,Karonga,-9.9400195,33.924482,68596.93807983398,0.0,100.0
556,MC190752,ku District,District Hospital,Machinga,-15.06229,35.2263,45183.81556546688,0.0,100.0
708,BT240962,Mlambe,Hospital,Blantyre,-15.64466,35.01733,42917.139771580696,0.0,100.0
552,KA150745,Lwezga,Health Centre,Karonga,-9.9548558,33.9116481,69969.58875584602,0.0,100.0
546,MU210739,Luwannje Health Post,Health Post,Mulanje,-15.9872824,35.4166259,45569.34282755852,0.0,100.0
628,SA090852,Matabwa,Dispensary,Salima,-13.72862,34.61536,22501.078290224075,0.0,100.0
508,BT240689,Limbe Muslim Jamat Limbe,Clinic,Blantyre,-15.82,35.06,316561.2152002156,0.0,100.0
602,LL040816,Umoyo,Clinic,Lilongwe,-14.00077,33.78337,508441.4925074931,0.0,100.0
507,BT240688,LMJ,Clinic,Blantyre,-15.81,35.06,373424.41920399666,0.0,100.0
497,LL040671,Ku Mission,Hospital,Lilongwe,-14.02683,33.70886,173035.30942630768,0.0,100.0
496,LK180669,Chipyera,Hospital,Likoma,-12.0650755,34.73657,11093.444043159485,0.0,100.0
669,BT240904,City Health Clinic,Clinic,Blantyre,-15.79648,35.00797,422035.6612660587,0.0,100.0
690,MU210937,Misanjo,Health Post,Mulanje,-16.0882744,35.4762189,45096.31171667576,0.0,100.0
726,MG200982,Monkey bay Community Hospital,Hospital,Mangochi,-14.0846593,34.9107539,14577.909601926804,0.0,100.0
492,LL040664,Lighthouse,Dispensary,Lilongwe,-13.97639,33.78512,392061.26616340317,0.0,100.0
23,LL040034,Area 18 Medi clinic,Clinic,Lilongwe,-13.94454,33.77083,305709.1095880512,0.0,100.0
651,BT240881,Mbayani health Centre,Clinic,Blantyre,-15.775577,35.000875,401623.7170215547,0.0,100.0
490,SA090660,Lifeline health centre,Health Centre,Salima,-14.09219,34.54437,23513.791850090027,0.0,100.0
652,BT240882,Mbayani Health Care Clinic,Clinic,Blantyre,-15.765541,35.004675,366405.8665332496,0.0,100.0
657,TH310887,Mboma,Unclassified,Thyolo,-15.0,35.0,44224.61520767212,0.0,100.0
5,LL040010,Achikondi,Dispensary,Lilongwe,-13.95473,33.7793,318538.4254686544,0.0,100.0
661,NS300893,Mchacha James,Health Post,Nsanje,-16.76255,35.04739,3519.0432543754578,0.0,100.0
593,CR260804,Malavi,Dispensary,Chiradzulu,-15.83686,35.14867,55565.7902443409,0.0,100.0
489,ZA230659,Lifelane,Clinic,Zomba,-15.387836,35.318089,123937.52421450615,0.0,100.0
728,BT240987,Moyo,Clinic,Blantyre,-15.65374,35.02013,46034.65397977829,0.0,100.0
485,BT240651,Lafarge Cement Clinic,Clinic,Blantyre,-15.79231,35.02812,372244.24693343043,0.0,100.0
664,MC010898,Mchinji,District Hospital,Mchinji,-13.80273,32.88716,43190.828943014145,0.0,100.0
483,KA150647,Kwambukwa,Clinic,Karonga,-9.94049,33.92423,68836.7922770977,0.0,100.0
498,LL040675,Lilongwe Health Clinic - Limbe Muslim,Dispensary,Lilongwe,-13.96642,33.76625,306441.6141011417,0.0,100.0
499,BT240677,Diagnostics,Clinic,Blantyre,-15.81863,35.05639,339807.3911471367,0.0,100.0
644,LL040870,Maziko Private,Clinic,Lilongwe,-14.004942,33.8163,533942.4832937289,0.0,100.0
634,NK100860,Matiki,Health Centre,Nkhotakota,-12.49874,34.15464,23296.052909851074,0.0,100.0
28,BT240041,Chitekwe,Health Centre,Blantyre,-15.84,35.09,197670.55980551243,0.0,100.0
588,TH310797,Makwasa Estate Clinic,Dispensary,Thyolo,-13.0,33.0,2511.1211907863617,0.0,100.0
506,BT240687,Limbe Muslim Jamat - Kachere,Clinic,Blantyre,-15.81,35.06,373424.41920399666,0.0,100.0
632,ZA230856,Matawale,Health Centre,Zomba,-15.39029,35.35958,122461.42263805866,0.0,100.0
725,BT240981,Monekera,Clinic,Blantyre,-15.835334,35.008318,244191.10391908884,0.0,100.0
17,TH310026,Amalika,Dispensary,Thyolo,-15.99203,35.03183,50257.014142513275,0.0,100.0
505,BT240686,Limbe Muslim Jamat - Habiba Mussa Clinic,Dispensary,Blantyre,-15.3882832,35.3135438,114696.82333254814,0.0,100.0
504,BT240685,LMJ Diagnostic centre,Clinic,Blantyre,-15.82,35.06,316561.2152002156,0.0,100.0
503,BT240682,limbe Medical Clinic,Clinic,Blantyre,-15.81,35.06,373424.41920399666,0.0,100.0
500,BT240678,Limbe,Clinic,Blantyre,-15.816967,35.051775,366104.10945671797,0.0,100.0
29,SA090042,Asante Private Clinic,Clinic,Salima,-13.77065,34.44174,74097.3969464302,0.0,100.0
3,BT240006,Abowa,Clinic,Blantyre,-15.84,35.09,197670.55980551243,0.0,100.0
589,BT240799,Malabada,Health Centre,Blantyre,-15.0,33.0,75.24223804473876,0.0,100.0
591,BT240802,Malamulo day Amina,Clinic,Blantyre,-15.80361,35.07471,297512.8303309679,0.0,100.0
502,BT240680,Limbe Leaf Clinic,Clinic,Blantyre,-15.81361,35.07035,313753.99912685156,0.0,100.0
594,BT240806,Polytechnic,Clinic,Blantyre,-15.80207,35.02718,397173.2382784784,0.0,100.0
501,BT240679,Limbe Home Based Care,Clinic,Blantyre,-15.81714,35.05187,364194.47702771425,0.0,100.0
640,LL040866,Maula Prison,Clinic,Lilongwe,-13.97,33.77,340387.1740488354,0.0,100.0
579,BT240788,Makata,Health Centre,Blantyre,-15.62996,35.07964,31430.843855381012,0.0,100.0
806,MZ161099,Prison,Clinic,Mzimba,-11.46474,34.01991,187463.58738126978,9.631061553955078,99.99486243611973
363,LL040474,Jti Leaf Clinic,Dispensary,Lilongwe,-13.8898,33.80487,175695.05554235727,16.40045166015625,99.99066538804435
608,MG200824,Mama khadija,Clinic,Mangochi,-14.3705396,35.4941945,30612.750618696213,2.87349009513855,99.99061342075748
686,MU210930,Milonde,Health Centre,Mulanje,-16.1024462,35.4782637,39200.98629903793,3.702950954437256,99.99055393421433
10,LL040016,Airwing,Dispensary,Lilongwe,-13.96162,33.69679,86958.99224501848,8.689383029937744,99.99000749341086
1327,NK101784,Nkhotakota Hospita,District Hospital,Nkhotakota,-12.9242558,34.2782753,46175.46850848198,4.752620220184326,99.98970747807505
251,ZA230318,Barracks,Hospital,Zomba,-15.39094,35.30534,98314.69968032837,10.270222663879395,99.98955372625123
803,MZ161095,Ku Boma,District Hospital,Mzimba,-11.89805,33.58421,41698.7191901207,6.781750202178955,99.9837363105297
872,MU211178,Ngolowera,Health Post,Mulanje,-16.0456627,35.4452708,49661.51068460941,8.464476108551025,99.98295566125182
833,CR261130,Namitambo,Health Centre,Chiradzulu,-15.7106126,35.1741967,34089.64102244377,5.966590881347656,99.98249734904097
240,DE030305,Vizimba Clinic,Clinic,Dedza,-14.37657,34.33303,45204.37796354294,9.26801598072052,99.97949752568613
390,LL040513,Kamatenda pvt clinic,Clinic,Lilongwe,-14.00752,33.82203,503737.71209277026,113.87556505203247,99.97739387734562
805,MZ161098,Central,Central Hospital,Mzimba,-11.4235559,33.9943344,168888.66186871752,42.58591175079346,99.9747846236215
206,KB050266,Chisala,Health Centre,Nkhata Bay,-11.6064929,34.2540704,27594.037747442722,7.749802112579346,99.97191493980145
727,MZ160986,Moyale,Health Centre,Mzimba,-11.4597562,34.0383107,149881.2890116684,43.80267186462879,99.97077508997056
1106,LL041532,Diamphwi Health Centre,Health Centre,Lilongwe,-14.13436,34.08153,31252.67697238922,10.189488410949709,99.96739643000836
526,MU210715,Lujeri Health Centre,Health Post,Mulanje,-15.987206,35.416687,45579.82090854645,15.920586585998535,99.96507097599628
909,NT121225,Ntcheu District Hospital,District Hospital,Ntcheu,-14.817077,34.6382088,39739.02891397476,14.467823982238768,99.96359291009963
914,LL041232,Nthondo,Health Centre,Lilongwe,-14.03153,33.44849,36832.83827114105,15.555698394775392,99.95776676703471
906,MC191222,Ntaja,Health Centre,Machinga,-14.86828,35.52911,35244.142370700836,15.738940238952637,99.955343103335
1131,MG201574,Cape Mclear Dispensary,Health Centre,Mangochi,-14.0259407,34.8521397,12399.366101384163,5.84400600194931,99.952868509937
298,MZ160383,Ekwendeni near Market,Hospital,Mzimba,-11.37156,33.88342,22136.602701425552,11.18366813659668,99.9494788415032
530,BT240722,Mitsidi,Health Centre,Blantyre,-15.77702,34.96873,185056.84854888916,96.85387682914734,99.94766263578538
204,PH220263,Chiringa,Clinic,Phalombe,-15.7724,35.769676,24290.952628821135,14.244449615478516,99.94135903258658
1444,DE031936,Wellness Centre,Dispensary,Dedza,-14.400375,34.325702,43189.2696082592,26.53113603591919,99.93857007475106
571,NE290776,Magaleta,Health Centre,Neno,-15.3951395,34.6539354,12299.496701478958,7.89437198638916,99.93581548759276
437,RU140575,Kasambala,Clinic,Rumphi,-10.77593,34.03908,8117.359177112579,5.347394943237305,99.93412395797004
69,SA090092,Bliss,Dispensary,Salima,-13.78929,34.46206,72551.31939435005,47.996699810028076,99.93384448386232
1017,LL041392,Tachila,Clinic,Lilongwe,-14.033349,33.809026,502740.22490894794,409.7096219062805,99.91850470648525
1081,NK101492,World Medical Fund,Clinic,Nkhotakota,-12.91536,34.28338,44329.89535021782,36.27348279953003,99.91817376848522
1111,KA151538,Kayerekera Health Centre,Health Centre,Karonga,-9.949218870246147,33.923395095685144,67712.78963065147,57.566744804382324,99.91498394155907
1361,CK271826,Nchalo,Health Centre,Chikwawa,-16.270485,34.86367,38863.05944856256,33.12825083732605,99.91475645173749
977,KA151331,Silo,Health Post,Karonga,-9.938145,33.823415,12907.464518785477,11.21477222442627,99.91311405731076
197,TH310252,Chipho,Health Centre,Thyolo,-16.171528,35.110222,42322.644649744034,36.926517963409424,99.9127499751752
389,NK100512,Hossana clinic,Clinic,Nkhotakota,-12.92861,34.28305,45613.6505253315,40.43538284301758,99.9113524517829
759,DA021035,Mtengowanthenga,Hospital,Dowa,-13.67165,33.77623,24503.15703344345,22.757694244384766,99.90712342000126
433,KA150570,Chaboma,District Hospital,Karonga,-9.95545,33.91113,69772.30572390556,66.73810315132141,99.90434872051468
1260,DE031708,Magomero,Dispensary,Dedza,-14.379705656858969,34.30903158350527,43643.11890614033,45.35723876953125,99.89607241666876
1135,CP061578,Chinongo,Health Post,Chitipa,-9.7132226149032,33.41614710248632,8815.69847214222,9.448995590209961,99.89281625704339
1024,MC011402,Thandizo private clinic,Clinic,Mchinji,-13.7929621,32.8897913,42221.4199962616,45.29334354400634,99.89272425335761
625,MZ160849,MASM,Clinic,Mzimba,-11.4715261,33.9949023,168798.4462386258,217.3051986694336,99.87126350774447
1394,MG201861,Medicare,Clinic,Mangochi,-14.48247,35.25959,82741.87708634138,109.43966007232666,99.86773365081127
321,DA020412,Mtengowanthenga,Hospital,Dowa,-13.6714609,33.7762569,24530.128362178802,36.92304515838623,99.8494787935341
611,MG200829,Mangochi district hospital,District Hospital,Mangochi,-14.4817417,35.2645629,82890.67905300856,125.46398830413818,99.84863920800564
369,KB050484,Kachere,Health Centre,Nkhata Bay,-11.606664,34.2536593,27527.396334707737,44.59024429321289,99.83801503145799
1402,MZ161887,ECOHS,Clinic,Mzimba,-11.374623,33.8786,22287.95495057106,36.625953674316406,99.83566929421949
592,TH310803,Malamulo Mission Hospital,Hospital,Thyolo,-16.17155,35.11011,42412.967696905136,77.60192394256592,99.81703255358802
650,MZ160880,Mbawemi,Clinic,Mzimba,-11.892919,33.593268,40226.88256883621,77.58492088317871,99.80713165940608
319,LL040410,Fpam,Health Post,Lilongwe,-11.4026067,34.0020121,106586.45292284712,226.85709810256958,99.78716141509393
840,MG201138,Nankhwali,Health Centre,Mangochi,-15.614421,35.6281461,23302.62367916107,51.74639582633972,99.77793746945063
981,BT241336,Soche Clinic,Health Centre,Blantyre,-15.85726,35.02761,200832.26550245285,457.83017587661743,99.77203355510072
540,MZ160732,Lusangazi,Dispensary,Mzimba,-11.49979,33.94291,11302.03396332264,26.21131944656372,99.7680831651044
405,NT120534,Kandeu,Health Centre,Ntcheu,-14.60262,34.61621,23036.58106470108,55.037620544433594,99.76108598585071
1000,NK101360,St. Annies,Hospital,Nkhotakota,-12.92747,34.29554,42695.17992782593,103.2281904220581,99.75822050499245
74,DA020100,Banja la Mtsogolo,Clinic,Dowa,-13.53197,33.73802,44240.57542014122,108.31110000610352,99.75517700893919
956,MZ161294,Rafiki,Clinic,Mzimba,-11.8941846,33.5843197,41473.0734205246,107.88171720504761,99.7398752773609
1432,MZ161924,Tinachimwemwe,Clinic,Mzimba,-11.3675,33.8825,21870.95839524269,58.751521825790405,99.73137198304684
538,KA150730,Lupembe,Health Centre,Karonga,-10.4889233,34.16902,22357.767707824707,60.5524787902832,99.72916581126705
962,RU141302,Rumphi,District Hospital,Rumphi,-11.01993,33.85422,27030.492986917496,75.2002215385437,99.72179485747841
773,PH221052,Mulungu Alinafe,Dispensary,Phalombe,-15.85719,35.81552,17115.71662068367,48.1091046333313,99.71891854895989
177,DE030228,Chimoto,Health Centre,Dedza,-14.44268,34.01021,28166.66134738922,81.08422231674194,99.71212696699583
1047,MW281436,Tiyende Private Clinic,Clinic,Mwanza,-15.59467,34.51102,46774.13148880005,136.62432384490967,99.70790623043932
1063,BT241460,Umunthu Foundation private Clinic,Clinic,Blantyre,-15.84,35.1,170858.52742886543,509.7612819671631,99.7016471523908
519,MC190706, Chilikumtima,Dispensary,Machinga,-15.06782,35.22473,44275.63163256645,149.20075011253357,99.66301835883287
700,PH220952,Mkhwayi,Health Centre,Phalombe,-15.61457,35.62787,23340.378866910934,81.80621767044067,99.64950775590702
113,ZA230151,Changalume,Health Centre,Zomba,-15.3896,35.21184,24494.540061950684,90.40476036071776,99.63091872665471
1325,NK101782,Ngwamoyo Clinic,Dispensary,Nkhotakota,-13.3714102,34.2660195,23052.32895565033,86.09910488128662,99.62650582920742
1389,MC191856,Ntaja DIC,Dispensary,Machinga,-14.867734,35.532791,35813.43235874176,138.25236129760742,99.61396506229076
428,MC010564,Our Lady of Mount Carmel,Hospital,Mchinji,-15.556,35.8193,527.0385003089905,2.142432928085327,99.59349593495935
307,MZ160392,Engucwini,Health Centre,Mzimba,-11.19761,33.82314,12436.860884666443,50.63194274902344,99.59288808310586
12,NK100019,Alinafe,Hospital,Nkhotakota,-13.38789,34.24292,16848.625475883484,69.31419372558594,99.58860624075953
1379,BK171846,Phalula,Clinic,Balaka,-15.22476,34.89033,12156.727453231812,50.526668548583984,99.58437277842278
300,MU210385,Eldorado,Clinic,Mulanje,-16.06679,35.6139,42295.083822250366,178.01950073242188,99.57910119889922
49,CK270070,Bello,Dispensary,Chikwawa,-16.26044,34.86844,37261.54111709446,157.41861748695374,99.57753057772821
1134,MC011577,Chiwanga Health Post,Health Post,Mchinji,-14.228096243574074,33.40584971768343,2085.9370622634888,8.879010200500488,99.57433949656824
129,NK100171,Chididi,Health Centre,Nkhotakota,-13.08573,34.31474,18613.783154010773,83.04012012481688,99.55387833070934
286,TH310369,DiDi,Health Centre,Thyolo,-16.06096,34.98999,40709.74422621727,182.56978607177734,99.55153295717784
1310,DE031766,St Cornelius,Health Centre,Dedza,-14.3825698,34.2963398,45350.50256240368,206.5364751815796,99.54457731775436
262,DE030335,Dedza Private Clinic,Unclassified,Dedza,-14.386667,34.34323,45909.330926418304,210.45035791397095,99.54159567637508
1036,ZA231416,Thondwe,Dispensary,Zomba,-15.48458,35.23696,31381.328954696655,147.1820411682129,99.5309885015364
1324,NK101781,Tiyamike Clinic,Dispensary,Nkhotakota,-13.3090984,34.113709,21695.9566822052,104.39619445800781,99.51882188931714
75,MZ160101,BLM,Clinic,Mzimba,-11.89882,33.59402,40002.21173477173,194.47995710372925,99.51382698938448
1100,KU071526,Bua Dispensary,Dispensary,Kasungu,-13.29372,33.5385,27286.21485710144,136.34992790222168,99.50029738966622
867,KA151173,Ngara,Health Post,Karonga,-10.225176,34.10207,12482.402771830559,63.794532775878906,99.48892425647531
278,NK100360,Dwambazi,Hospital,Nkhotakota,-12.23405,33.99194,15313.093536615372,82.19137835502625,99.46326078294699
920,NK101241,Nyamvuu,Clinic,Nkhotakota,-12.47912,34.13604,31022.99287378788,168.7306456565857,99.45611100017642
793,MW281081,Mwanza District Hospital,District Hospital,Mwanza,-15.59118,34.50998,47617.28385543823,267.8420991897583,99.43751075764233
945,BT241279,Evangelical,Clinic,Blantyre,-15.89,35.07,68825.51811051369,387.7586898803711,99.43660621739492
882,KB051193,Mkondezi,District Hospital,Nkhata Bay,-11.60159,34.29872,23747.73336070776,135.16462039947507,99.43083148885647
584,BK170793,Maku private Clinic,Clinic,Balaka,-14.98521,34.94269,62462.4169986248,359.08787965774536,99.42511369730434
932,BT241260,Joshua Clinic,Health Centre,Blantyre,-15.81,34.96,118412.11149454117,681.0680236816406,99.42483246427622
1109,NK101536,Kaongozi Health Centre,Health Centre,Nkhotakota,-12.929080299855835,34.27805540202219,46191.55742049217,276.2685823440552,99.40190676008362
1284,TH311738,Asamala Clini,Dispensary,Thyolo,-16.0667812,35.1445823,34555.181421518326,207.00747323036194,99.40093651743511
937,NK101267,Private,Clinic,Nkhotakota,-12.23777,33.996066,15149.661017894745,92.33971786499023,99.39048327381109
1285,TH311739,Queens Care Clinic,Health Post,Thyolo,-16.0729497,35.1403255,35423.13598775864,218.0335829257965,99.38448819720213
1365,NT081830,St.,Clinic,Ntchisi,-13.149629,33.839478,20276.22397828102,129.53760719299316,99.36113544942219
1374,LL041840,Likuni,Dispensary,Lilongwe,-14.03051,33.712784,171794.97126102448,1136.409646987915,99.33850820041684
996,CK271356,Montfort,Hospital,Chikwawa,-16.25716,34.86831,35956.65679021925,239.72321063280106,99.33329949991901
20,KU070031,Anchor Health Centre,Health Centre,Kasungu,-13.414103,33.39074,18130.004271507263,124.95542907714844,99.31078102792549
1056,RU141449,Twisile,Clinic,Rumphi,-10.9776,33.74598,22722.35033750534,156.72630310058594,99.31025487780684
585,TH310794,Makungwa,Health Centre,Thyolo,-15.901417,34.9625479,39156.18114006519,271.89410877227783,99.30561637816598
1011,RU141377,St. Patricks,Health Centre,Rumphi,-11.02297,33.87319,26158.407646894455,181.63974380493164,99.30561620471383
40,BK170055,Balaka Private Clinic,Clinic,Balaka,-14.98339,34.9617,62316.92531609535,432.878306388855,99.30535997372603
1405,DA021890,Tunza,Dispensary,Dowa,-13.551705,33.741792,44988.677939891815,317.34893131256104,99.29460267372924
1367,KU071833,Emmanuel,Clinic,Kasungu,-13.29402,33.53675,27405.0080037117,199.8145980834961,99.27088290557539
446,KU070588,Kasungu,District Hospital,Kasungu,-13.03579,33.48041,76170.87731790543,577.9986953735352,99.24118151749623
299,BT240384,El_ Barakah Private clinic,Clinic,Blantyre,-15.68337,34.96584,28876.822202563286,231.54012441635132,99.19818003936804
81,RU140107,Bolero hospital,Hospital,Rumphi,-10.97843,33.74342,22494.753867149353,191.8932065963745,99.1469424038615
1378,KU071845,Kasungu BLM,Clinic,Kasungu,-13.04628,33.4791,77322.50664138794,661.5113182067871,99.14447765994603
342,MC010441,Gumba,Dispensary,Mchinji,-13.42125,33.11137,10968.070078372955,95.49117851257324,99.1293711853568
258,DA020327,Dalitso,Clinic,Dowa,-13.42237,33.60932,32730.167236328125,295.8068389892578,99.0962257025655
791,NK101078,Mwansambo Private Clinic,Clinic,Nkhotakota,-13.227,34.297332,27819.322588443756,261.75831031799316,99.05907733919183
1426,TH311915,Lomola,Health Centre,Thyolo,-16.10158,35.287508,44178.16256427765,417.90539932250977,99.05404531319184
486,NT120652,Lake View Health Centre,Health Centre,Ntcheu,-14.64251,34.55371,18713.1345410347,177.99804210662842,99.0488069130465
228,CP060293,Chitipa,District Hospital,Chitipa,-9.70159,33.2659,41547.15503036976,398.613214969635,99.04057638921783
364,CP060476,Joy Private Clinic,Clinic,Chitipa,-9.7046383,33.2749897,41009.596692085266,395.214413523674,99.0362879779309
1380,BK171847,Primary,Clinic,Balaka,-15.05602,35.21495,44163.054359436035,429.4083651304245,99.02767512039466
603,NT080818,Malomo,Health Centre,Ntchisi,-13.14861,33.83927,20335.73060441017,202.31744241714478,99.00511348053918
804,RU141097,Mzokoto,Health Centre,Rumphi,-10.90777,34.02735,14165.702383041382,141.85760021209717,98.99858407033933
675,RU140914,Mhuju Rural Hospital,Hospital,Rumphi,-10.86685,33.99765,13007.903143405914,130.9129753112793,98.99358894459755
114,TH310152,Changata,Health Centre,Thyolo,-16.078196,35.061008,46157.85431051254,467.06217670440674,98.9881198255829
599,MC190813,Kumalinga moyo,Health Centre,Machinga,-14.87031,35.5294,34673.94169092178,369.1504764556885,98.93536627665168
1298,DA021753,Charity Private clinic,Dispensary,Dowa,-13.65767,33.8741402,35308.43566226959,382.6773881912231,98.91618707820537
1061,BK171454,ulongwe health centre,Health Centre,Balaka,-14.86247,35.17734,34038.15610527992,379.1016101837158,98.88624516260177
430,DA020567,kaputalambwe,Health Post,Dowa,-13.7653091,33.898449,22684.979609012604,268.45043373107904,98.816615935487
1118,PH221549,Phalombe District Hospital,District Hospital,Phalombe,-15.7170604,35.7038228,39253.93419218063,469.0108423233032,98.80518767869965
649,MC190879,Mbanira,Health Post,Machinga,-14.975262,35.598659,29017.01489830017,354.86901664733887,98.77703127667992
1359,NE291822,FPAM,Clinic,Neno,-15.404709,34.654583,12945.12029337883,158.99010944366455,98.7718143528957
30,NT080043,Asimec,Clinic,Ntchisi,-13.3587,33.91619,31190.109130620956,388.7478675842285,98.75361812311655
529,LL040719,Chinkhuti,Health Centre,Lilongwe,-13.77074,33.80477,53872.53149271011,692.8676710128784,98.71387578824537
208,CP060268,Chisenga,Health Post,Chitipa,-9.974946,33.389664,4962.201124668121,64.59445858001708,98.6982700427255
1043,TH311428,Thyolo Hospital,Health Post,Thyolo,-16.06937,35.14806,34633.06174635887,456.8713433742523,98.68082312005728
57,CR260079,Bilal islamic,Hospital,Chiradzulu,-15.7414865,35.1304713,51277.35532152653,694.1989336013794,98.64618810925697
1296,DA021751,Mtimaukanena,Health Post,Dowa,-13.7457348,33.8058742,57393.622686862946,791.3621673583984,98.62116707342898
1411,BT241899,Prima Pharmacy,Unclassified,Blantyre,-15.47231,35.5231772,31776.28947877884,468.41637897491455,98.52589340461624
14,MC010022,Alinafe Private Clinic,Clinic,Mchinji,-13.83069,33.04117,41984.86334705353,628.6073341369629,98.50277627691486
285,LL040368,ku mission,Health Centre,Lilongwe,-13.87598,33.74689,239731.44950082712,3752.3777079582214,98.43475784434146
1312,DE031768,Thamanda Private  Clinc,Dispensary,Dedza,-14.442691,34.0068314,27888.098024368286,452.3486108779907,98.37798687281315
1305,NT081761,Chister Private Clinic,Private,Ntchisi,-13.3625742,33.9181166,31266.048518657684,510.80420446395874,98.36626555428282
561,MC010762,Madalitso,Clinic,Mchinji,-13.42256,33.11103,11053.712723255157,181.1338233947754,98.36133046036468
283,DA020366,Dzaleka,Health Centre,Dowa,-13.66168,33.87042,35358.38661193848,596.8691754341124,98.31194454095204
1345,KB051808,Kwidu,Clinic,Nkhata Bay,-11.541639,34.180138,17047.80690550804,293.0242443084717,98.28116164188957
454,RU140600,Katowo,Hospital,Rumphi,-10.81278,33.52222,16723.825013160706,291.05101251602173,98.25966241402921
121,MC010162,Chawezi private clinic,Clinic,Mchinji,-13.827426,33.044326,42680.901151657104,754.0780544281005,98.233218994724
70,TH310093,Banja la mtsogolo,Clinic,Thyolo,-15.93133,35.08213,58950.379199266434,1066.7206268310547,98.19047707356508
935,BK171264,Phalula,Health Centre,Balaka,-15.22557,34.89322,12517.294671058655,234.14410305023193,98.12943523977592
1265,MC011713,Santhe ,Health Post,Mchinji,-13.652971954574452,32.898647842615446,7399.779918432236,149.6621744632721,97.97747803160367
1299,DA021754,Innocent souls medical clinic,Dispensary,Dowa,-13.6584457,33.9374209,24711.316633224487,500.42329454421997,97.97492257506264
312,NK100399,F and M Private Clinic,Clinic,Nkhotakota,-13.084364,34.304863,18603.605989933014,387.6529555320739,97.91624830292662
860,LL041162,new State house,Unclassified,Lilongwe,-13.96051,33.85089,86194.5678566508,1857.6027278900146,97.84487262471183
752,MU211020,msithe,Health Post,Mulanje,-16.0026202,35.413573,45689.18595814705,1007.1969022750854,97.79554640523097
1390,MG201857,FPAM,Clinic,Mangochi,-14.465004,35.246414,78136.1654741168,1787.6533279418945,97.71213071809358
912,RU141229,Nthenje,Health Centre,Rumphi,-10.91788,33.98786,17357.68226480484,410.1571931838989,97.63702787661029
52,NK100073,Chipatala cha boma,Health Centre,Nkhotakota,-13.36846,34.27404,22909.955696105957,541.3882160186768,97.63688667407288
691,CK270939,Misomali Health Centre,Health Centre,Chikwawa,-16.03775,34.5372,10406.1399634704,246.1424353942275,97.63464227601894
605,MG200820,Malukula,Health Centre,Mangochi,-14.4435236,35.3559647,23359.787104845047,560.0847153663635,97.60235522330511
927,SA091253,Parachute Battalion,Dispensary,Salima,-13.74314,34.58826,26011.79786324501,634.132716178894,97.56213423034887
837,MG201134,Namwera,Hospital,Mangochi,-14.3637,35.50221,31681.945398926735,778.4734468460083,97.54284834140147
965,MU211308,Salamba,Health Post,Mulanje,-16.1079577,35.4626325,35641.02887630463,900.8993530273438,97.47229700872555
1403,NK101888,Shukran,Clinic,Nkhotakota,-13.1633149,34.3332745,15899.454993247986,405.98466777801514,97.44654978456542
733,PH220993,Mpasa,Health Centre,Phalombe,-15.7578844,35.611432,37773.516248703,967.0984869003296,97.43974460695452
254,ZA230322,Mpinganjira,Clinic,Zomba,-15.32402,35.39372,39309.747812747955,1017.3266983032227,97.41202435805678
852,ZA231154,Ndau Clinic,Dispensary,Zomba,-15.4533752,35.2830107,35378.2560005188,934.4255800247192,97.35875736777128
1386,LL041853,Nthambi,Clinic,Lilongwe,-13.55546,33.770401,45038.447154045105,1221.4921188354492,97.28789024484442
1313,DE031769,Thete Private  Clinc,Dispensary,Dedza,-14.3076823,34.0798918,35322.51975274086,972.5899209976196,97.24654433543873
1314,DE031770,Viano Private Clinic,Health Post,Dedza,-14.1718331,34.1151144,27910.421710968018,787.7275791168213,97.17765791117637
819,MC191115,Mission,Health Centre,Machinga,-14.88211,35.48324,24695.07069826126,721.9780473709106,97.07642850594574
1340,MC191803,Alena Clinic,Health Post,Machinga,-14.7657972,35.6689335,28763.560421943665,876.0566654205322,96.95428294491599
265,LL040339,Diamphwe,Health Centre,Lilongwe,-14.13232,34.08124,30826.687824249268,947.9208841323853,96.92499924242033
911,CP061228,Nthalire,Health Centre,Chitipa,-10.34894,33.64394,8842.465189933777,282.0671992301941,96.81008414314938
316,NT120405,FPAM,Clinic,Ntcheu,-14.80935,34.62561,38597.08125543594,1265.691276550293,96.72075909529548
863,CK271168,Ngabu Sda Health Centre,Health Centre,Chikwawa,-16.46516,34.87901,31949.30695581436,1048.2869822978973,96.71890540928581
763,KU071039,Mtunthama,Health Centre,Kasungu,-13.03145,33.68209,13458.67974281311,450.57887744903564,96.6521316647746
998,KU071358,St. Andrews,Hospital,Kasungu,-13.03263,33.67114,12934.15999507904,433.7092037200928,96.64679264919329
991,NT121349,Mikoke,Hospital,Ntcheu,-14.99902,34.82815,14946.205932617188,508.0483250617981,96.6008207878825
891,NK101204,Nkhunga,Health Centre,Nkhotakota,-12.48023,34.10842,30949.209658503532,1056.1445446014404,96.58749106599154
32,MG200045,As-slam clinic,Clinic,Mangochi,-14.54537,35.19221,22890.165914535522,830.2663354873657,96.37282517484883
153,NK100199,Chilani,Clinic,Nkhotakota,-12.730911,34.170489,15240.386818647385,563.0501828193665,96.30553876670344
826,PH221122,Nambiti,Health Post,Phalombe,-15.802794,35.763953,24853.532324016094,942.1073848605156,96.20936222433801
435,KU070572,Kasalika,Health Centre,Kasungu,-13.03985,33.49866,76694.99773740768,2965.41112613678,96.13350125351081
901,MC191215,Mission,Health Centre,Machinga,-14.99491,35.49477,32752.054589748383,1282.970866203308,96.08277745541837
440,CP060579,Kaseye,Hospital,Chitipa,-9.6665615,33.3740432,8905.274208188057,349.5534074306488,96.07475975181934
270,ZA230347,Ginisi,Hospital,Zomba,-15.28099,35.39935,40583.31018638611,1610.834333896637,96.0307960920423
558,ZA230755,Joyce Banda,Health Centre,Zomba,-15.23666,35.41707,35391.74564373493,1413.6021671295166,96.00584220580893
101,MZ160138,Chagoma,Health Post,Mzimba,-11.214085,33.807507,10339.94269657135,416.82915210723877,95.96874794823131
1446,DA021938,Wandikweza,Health Centre,Dowa,-13.435191,33.617826,33108.593176841736,1392.655016899109,95.79367504544645
1316,DE031772,Shangarayi Private Clinic,Health Post,Dedza,-14.302401,34.0806719,36175.869636535645,1528.4764251708984,95.77487302854712
1261,MG201709,St. Mary's,Hospital,Mangochi,-14.5422193,35.1821163,22924.421052455902,969.8333806991577,95.76943130437199
1427,TH311916,Thowela,Health Centre,Thyolo,-16.030848,35.2750725,54849.21294802427,2323.6959121227264,95.76348358120528
441,DE030580,Kasina,Health Centre,Dedza,-14.143,34.13183,29298.388338565826,1245.5870566368103,95.74861578649625
179,LL040231,Chimwala Health Centre,Clinic,Lilongwe,-14.05121,33.79419,328060.2874993086,14033.421539783478,95.72230407808411
1217,MZ161663,Phembe,Health Centre,Mzimba,-12.54903193,33.51304244,24519.276113033295,1076.4871754646301,95.60962905062104
1342,SA091805,Chisamba,Health Centre,Salima,-13.784275,34.400132,44528.27533912659,1958.3364553451538,95.60203838924707
1046,KA151434,Timunyazye,Clinic,Karonga,-10.21191,34.08743,10999.793350338936,485.3589242696762,95.58756324949759
903,NT121218,Nsipe,Health Centre,Ntcheu,-14.86434,34.75233,24762.870447158813,1122.3844718933105,95.46747024223887
832,TH311128,Namingomba,Dispensary,Thyolo,-16.04009,35.08996,29597.724928617477,1351.633240699768,95.4333204867618
214,TH310274,Chisoka Health centre,Health Centre,Thyolo,-15.94181,35.20879,52772.15246677399,2437.656929731369,95.38078926898775
1423,ZA231912,Machilitso Health Centre,Health Centre,Zomba,-15.451539,35.407192,33226.087321043015,1546.8310973644257,95.34452828460253
1297,DA021752,Chivala,Health Post,Dowa,-13.7107599,33.8063273,29419.237987041473,1398.046648979187,95.24784887496068
1270,MW281720,Mwanza Boarder Clinic,Health Centre,Mwanza,-15.798897721007064,35.35815763425415,27724.166911125183,1321.868881702423,95.2320699628598
224,TH310289,chithebe dispensary,Dispensary,Thyolo,-16.00218,35.01294,46101.448980093,2207.648981332779,95.21132409029906
21,BT240032,Aquid Lifeline Clinic,Clinic,Blantyre,-15.62217,35.05604,33638.054904937744,1648.9373860359192,95.09800019443493
790,NK101077,Mwasambo,Health Centre,Nkhotakota,-13.3066933,34.118526,20972.207313537598,1028.4934883117676,95.0959216026447
256,LL040325,Deayang,Hospital,Lilongwe,-13.87684,33.80867,111345.52699726494,5472.845214366913,95.084809096551
737,BT240998,Mpemba,Health Centre,Blantyre,-15.87385,34.9523,41186.46004939079,2044.2829241752625,95.03651704534995
170,KA150220,Chilumba Barracks,Health Centre,Karonga,-10.39021,34.20897,12270.37579369545,610.8973770141602,95.02136375213512
